-- phpMyAdmin SQL Dump
-- version 5.2.1
-- https://www.phpmyadmin.net/
--
-- Host: 127.0.0.1:3306
-- Generation Time: Dec 02, 2024 at 05:58 PM
-- Server version: 9.1.0
-- PHP Version: 8.3.14

SET SQL_MODE = "NO_AUTO_VALUE_ON_ZERO";
START TRANSACTION;
SET time_zone = "+00:00";


/*!40101 SET @OLD_CHARACTER_SET_CLIENT=@@CHARACTER_SET_CLIENT */;
/*!40101 SET @OLD_CHARACTER_SET_RESULTS=@@CHARACTER_SET_RESULTS */;
/*!40101 SET @OLD_COLLATION_CONNECTION=@@COLLATION_CONNECTION */;
/*!40101 SET NAMES utf8mb4 */;

--
-- Database: `bibliothèque`
--

DELIMITER $$
--
-- Procedures
--
DROP PROCEDURE IF EXISTS `Liste_retour_en_retard`$$
CREATE DEFINER=`root`@`localhost` PROCEDURE `Liste_retour_en_retard` ()   BEGIN
SELECT DISTINCT e.ID_Utilisateur 
FROM emprunt e 
WHERE e.Statut = "En cours"
AND Date_Retour_Prevue < CURRENT_DATE;
END$$

DELIMITER ;

-- --------------------------------------------------------

--
-- Table structure for table `emprunt`
--

DROP TABLE IF EXISTS `emprunt`;
CREATE TABLE IF NOT EXISTS `emprunt` (
  `ID_Emprunt` int NOT NULL,
  `Date_Emprunt` date NOT NULL,
  `Date_Retour_Prevue` date NOT NULL,
  `Date_Retour_Effective` date DEFAULT NULL,
  `Statut` varchar(20) NOT NULL,
  `ID_Exemplaire` int NOT NULL,
  `ID_Utilisateur` int NOT NULL,
  PRIMARY KEY (`ID_Emprunt`),
  KEY `ID_Exemplaire` (`ID_Exemplaire`),
  KEY `ID_Utilisateur` (`ID_Utilisateur`)
) ENGINE=InnoDB DEFAULT CHARSET=utf8mb4 COLLATE=utf8mb4_0900_ai_ci;

--
-- Dumping data for table `emprunt`
--

INSERT INTO `emprunt` (`ID_Emprunt`, `Date_Emprunt`, `Date_Retour_Prevue`, `Date_Retour_Effective`, `Statut`, `ID_Exemplaire`, `ID_Utilisateur`) VALUES
(1, '2024-11-18', '2024-12-03', '0000-00-00', 'En cours', 389, 44),
(2, '2024-11-11', '2024-12-01', '0000-00-00', 'En cours', 450, 97),
(3, '2024-10-15', '2024-10-30', '0000-00-00', 'En cours', 169, 95),
(4, '2024-11-20', '2024-12-05', '0000-00-00', 'En cours', 337, 92),
(5, '2024-11-03', '2024-11-23', '2024-11-25', 'Rendu', 474, 74),
(6, '2024-11-13', '2024-12-03', '2024-12-05', 'Rendu', 382, 4),
(7, '2024-10-06', '2024-10-16', '2024-10-23', 'Rendu', 194, 61),
(8, '2024-11-04', '2024-11-14', '2024-11-18', 'Rendu', 53, 80),
(9, '2024-10-05', '2024-10-20', '2024-10-23', 'Rendu', 141, 50),
(10, '2024-11-01', '2024-11-16', '2024-11-17', 'Rendu', 21, 13),
(11, '2024-10-20', '2024-11-09', '0000-00-00', 'En cours', 219, 63),
(12, '2024-11-01', '2024-11-11', '2024-11-18', 'Rendu', 454, 25),
(13, '2024-11-17', '2024-11-27', '0000-00-00', 'En cours', 207, 67),
(14, '2024-11-13', '2024-11-28', '2024-11-28', 'Rendu', 497, 49),
(15, '2024-10-23', '2024-11-12', '0000-00-00', 'En cours', 293, 29),
(16, '2024-11-07', '2024-11-17', '2024-11-21', 'Rendu', 492, 73),
(17, '2024-09-28', '2024-10-13', '0000-00-00', 'En cours', 155, 44),
(18, '2024-10-24', '2024-11-08', '0000-00-00', 'En cours', 275, 50),
(19, '2024-10-22', '2024-11-01', '2024-11-01', 'Rendu', 258, 56),
(20, '2024-11-02', '2024-11-22', '2024-11-27', 'Rendu', 107, 29),
(21, '2024-10-05', '2024-10-20', '2024-10-21', 'Rendu', 106, 75),
(22, '2024-11-26', '2024-12-11', '0000-00-00', 'En cours', 205, 91),
(23, '2024-11-06', '2024-11-21', '0000-00-00', 'En cours', 296, 3),
(24, '2024-11-06', '2024-11-21', '2024-11-25', 'Rendu', 294, 12),
(25, '2024-10-11', '2024-10-26', '0000-00-00', 'En cours', 100, 55),
(26, '2024-10-09', '2024-10-29', '0000-00-00', 'En cours', 468, 7),
(27, '2024-11-06', '2024-11-21', '2024-11-26', 'Rendu', 494, 10),
(28, '2024-11-17', '2024-11-27', '0000-00-00', 'En cours', 305, 31),
(29, '2024-10-21', '2024-11-10', '0000-00-00', 'En cours', 152, 74),
(30, '2024-09-28', '2024-10-13', '0000-00-00', 'En cours', 115, 51),
(31, '2024-10-14', '2024-11-03', '0000-00-00', 'En cours', 80, 7),
(32, '2024-11-18', '2024-12-03', '0000-00-00', 'En cours', 316, 69),
(33, '2024-11-01', '2024-11-21', '2024-11-22', 'Rendu', 419, 7),
(34, '2024-10-29', '2024-11-18', '0000-00-00', 'En cours', 374, 79),
(35, '2024-11-06', '2024-11-16', '2024-11-22', 'Rendu', 438, 47),
(36, '2024-10-04', '2024-10-19', '0000-00-00', 'En cours', 234, 12),
(37, '2024-11-02', '2024-11-22', '2024-11-23', 'Rendu', 81, 63),
(38, '2024-11-12', '2024-11-22', '0000-00-00', 'En cours', 185, 77),
(39, '2024-11-24', '2024-12-04', '2024-12-08', 'Rendu', 491, 94),
(40, '2024-10-12', '2024-10-27', '0000-00-00', 'En cours', 477, 55),
(41, '2024-10-02', '2024-10-22', '0000-00-00', 'En cours', 151, 34),
(42, '2024-11-03', '2024-11-18', '0000-00-00', 'En cours', 459, 3),
(43, '2024-11-27', '2024-12-17', '0000-00-00', 'En cours', 353, 21),
(44, '2024-10-29', '2024-11-13', '0000-00-00', 'En cours', 193, 65),
(45, '2024-10-24', '2024-11-08', '0000-00-00', 'En cours', 186, 86),
(46, '2024-09-30', '2024-10-10', '0000-00-00', 'En cours', 102, 5),
(47, '2024-11-02', '2024-11-12', '2024-11-16', 'Rendu', 447, 31),
(48, '2024-09-30', '2024-10-15', '0000-00-00', 'En cours', 7, 69),
(49, '2024-11-20', '2024-12-05', '0000-00-00', 'En cours', 500, 50),
(50, '2024-11-25', '2024-12-05', '2024-12-11', 'Rendu', 143, 38),
(51, '2024-11-03', '2024-11-23', '0000-00-00', 'En cours', 78, 70),
(52, '2024-10-13', '2024-10-23', '0000-00-00', 'En cours', 165, 45),
(53, '2024-11-27', '2024-12-17', '0000-00-00', 'En cours', 336, 71),
(54, '2024-10-17', '2024-11-01', '0000-00-00', 'En cours', 3, 50),
(55, '2024-11-04', '2024-11-24', '2024-11-26', 'Rendu', 115, 63),
(56, '2024-11-16', '2024-12-06', '0000-00-00', 'En cours', 336, 82),
(57, '2024-10-21', '2024-11-10', '0000-00-00', 'En cours', 300, 48),
(58, '2024-10-28', '2024-11-17', '0000-00-00', 'En cours', 447, 83),
(59, '2024-11-09', '2024-11-29', '2024-12-03', 'Rendu', 485, 76),
(60, '2024-10-18', '2024-10-28', '0000-00-00', 'En cours', 300, 47),
(61, '2024-10-06', '2024-10-21', '0000-00-00', 'En cours', 123, 14),
(62, '2024-10-12', '2024-10-27', '0000-00-00', 'En cours', 389, 65),
(63, '2024-11-25', '2024-12-05', '2024-12-11', 'Rendu', 228, 45),
(64, '2024-10-13', '2024-10-23', '2024-10-24', 'Rendu', 141, 89),
(65, '2024-10-12', '2024-10-27', '0000-00-00', 'En cours', 295, 10),
(66, '2024-10-26', '2024-11-10', '0000-00-00', 'En cours', 475, 39),
(67, '2024-11-11', '2024-11-21', '0000-00-00', 'En cours', 176, 2),
(68, '2024-10-24', '2024-11-13', '0000-00-00', 'En cours', 386, 34),
(69, '2024-11-13', '2024-11-23', '0000-00-00', 'En cours', 290, 89),
(70, '2024-10-03', '2024-10-23', '0000-00-00', 'En cours', 193, 57),
(71, '2024-11-06', '2024-11-16', '0000-00-00', 'En cours', 73, 88),
(72, '2024-10-09', '2024-10-19', '0000-00-00', 'En cours', 259, 30),
(73, '2024-11-06', '2024-11-26', '2024-11-30', 'Rendu', 410, 79),
(74, '2024-10-26', '2024-11-10', '2024-11-11', 'Rendu', 134, 65),
(75, '2024-10-23', '2024-11-12', '0000-00-00', 'En cours', 282, 79),
(76, '2024-10-26', '2024-11-15', '2024-11-22', 'Rendu', 192, 33),
(77, '2024-09-30', '2024-10-10', '0000-00-00', 'En cours', 71, 18),
(78, '2024-10-15', '2024-10-30', '0000-00-00', 'En cours', 211, 55),
(79, '2024-11-02', '2024-11-22', '0000-00-00', 'En cours', 397, 42),
(80, '2024-10-13', '2024-10-23', '0000-00-00', 'En cours', 132, 38),
(81, '2024-10-17', '2024-11-01', '0000-00-00', 'En cours', 251, 28),
(82, '2024-10-28', '2024-11-07', '0000-00-00', 'En cours', 357, 38),
(83, '2024-10-22', '2024-11-11', '0000-00-00', 'En cours', 420, 82),
(84, '2024-11-15', '2024-11-30', '0000-00-00', 'En cours', 471, 16),
(85, '2024-11-09', '2024-11-24', '2024-12-01', 'Rendu', 473, 17),
(86, '2024-10-27', '2024-11-06', '0000-00-00', 'En cours', 203, 18),
(87, '2024-10-15', '2024-10-25', '2024-11-01', 'Rendu', 160, 26),
(88, '2024-11-23', '2024-12-13', '0000-00-00', 'En cours', 297, 63),
(89, '2024-10-20', '2024-11-04', '0000-00-00', 'En cours', 162, 59),
(90, '2024-10-24', '2024-11-03', '0000-00-00', 'En cours', 398, 61),
(91, '2024-09-30', '2024-10-10', '0000-00-00', 'En cours', 181, 53),
(92, '2024-11-05', '2024-11-20', '0000-00-00', 'En cours', 472, 37),
(93, '2024-11-04', '2024-11-24', '2024-11-29', 'Rendu', 277, 34),
(94, '2024-11-03', '2024-11-18', '2024-11-20', 'Rendu', 310, 75),
(95, '2024-10-11', '2024-10-26', '0000-00-00', 'En cours', 240, 64),
(96, '2024-10-21', '2024-11-05', '2024-11-05', 'Rendu', 190, 39),
(97, '2024-10-11', '2024-10-21', '0000-00-00', 'En cours', 82, 61),
(98, '2024-10-29', '2024-11-18', '2024-11-20', 'Rendu', 426, 83),
(99, '2024-10-13', '2024-10-23', '0000-00-00', 'En cours', 346, 81),
(100, '2024-11-23', '2024-12-13', '0000-00-00', 'En cours', 259, 78);

-- --------------------------------------------------------

--
-- Table structure for table `exemplaire`
--

DROP TABLE IF EXISTS `exemplaire`;
CREATE TABLE IF NOT EXISTS `exemplaire` (
  `ID_Exemplaire` int NOT NULL,
  `Etat` varchar(20) NOT NULL,
  `Localisation` varchar(50) DEFAULT NULL,
  `ID_Ouvrage` int NOT NULL,
  PRIMARY KEY (`ID_Exemplaire`),
  KEY `ID_Ouvrage` (`ID_Ouvrage`)
) ENGINE=InnoDB DEFAULT CHARSET=utf8mb4 COLLATE=utf8mb4_0900_ai_ci;

--
-- Dumping data for table `exemplaire`
--

INSERT INTO `exemplaire` (`ID_Exemplaire`, `Etat`, `Localisation`, `ID_Ouvrage`) VALUES
(1, 'Neuf', 'Section_6', 97),
(2, 'Neuf', 'Section_1', 40),
(3, 'Neuf', 'Section_8', 190),
(4, 'Usé', 'Section_10', 21),
(5, 'Neuf', 'Section_8', 107),
(6, 'Neuf', 'Section_7', 3),
(7, 'Bon état', 'Section_3', 60),
(8, 'Neuf', 'Section_2', 192),
(9, 'Usé', 'Section_9', 85),
(10, 'Bon état', 'Section_6', 67),
(11, 'Bon état', 'Section_5', 185),
(12, 'Bon état', 'Section_5', 145),
(13, 'Neuf', 'Section_2', 198),
(14, 'Usé', 'Section_10', 25),
(15, 'Bon état', 'Section_4', 186),
(16, 'Neuf', 'Section_10', 179),
(17, 'Bon état', 'Section_2', 130),
(18, 'Bon état', 'Section_6', 186),
(19, 'Usé', 'Section_5', 129),
(20, 'Bon état', 'Section_6', 174),
(21, 'Neuf', 'Section_1', 34),
(22, 'Bon état', 'Section_5', 84),
(23, 'Neuf', 'Section_5', 86),
(24, 'Usé', 'Section_6', 135),
(25, 'Neuf', 'Section_6', 17),
(26, 'Neuf', 'Section_9', 149),
(27, 'Bon état', 'Section_6', 160),
(28, 'Usé', 'Section_5', 25),
(29, 'Neuf', 'Section_7', 98),
(30, 'Usé', 'Section_8', 147),
(31, 'Neuf', 'Section_9', 160),
(32, 'Neuf', 'Section_5', 73),
(33, 'Neuf', 'Section_4', 39),
(34, 'Neuf', 'Section_5', 12),
(35, 'Neuf', 'Section_7', 158),
(36, 'Neuf', 'Section_6', 94),
(37, 'Usé', 'Section_8', 92),
(38, 'Usé', 'Section_4', 66),
(39, 'Neuf', 'Section_5', 47),
(40, 'Usé', 'Section_5', 121),
(41, 'Usé', 'Section_5', 178),
(42, 'Neuf', 'Section_10', 49),
(43, 'Usé', 'Section_1', 167),
(44, 'Bon état', 'Section_6', 23),
(45, 'Neuf', 'Section_4', 148),
(46, 'Neuf', 'Section_5', 68),
(47, 'Usé', 'Section_5', 166),
(48, 'Usé', 'Section_9', 162),
(49, 'Neuf', 'Section_4', 46),
(50, 'Usé', 'Section_6', 42),
(51, 'Usé', 'Section_7', 126),
(52, 'Usé', 'Section_6', 160),
(53, 'Usé', 'Section_4', 124),
(54, 'Bon état', 'Section_4', 45),
(55, 'Usé', 'Section_9', 150),
(56, 'Bon état', 'Section_10', 14),
(57, 'Bon état', 'Section_5', 26),
(58, 'Neuf', 'Section_10', 44),
(59, 'Bon état', 'Section_1', 79),
(60, 'Usé', 'Section_8', 38),
(61, 'Usé', 'Section_6', 66),
(62, 'Usé', 'Section_1', 22),
(63, 'Neuf', 'Section_4', 38),
(64, 'Usé', 'Section_4', 186),
(65, 'Bon état', 'Section_10', 51),
(66, 'Usé', 'Section_9', 152),
(67, 'Usé', 'Section_2', 1),
(68, 'Usé', 'Section_10', 143),
(69, 'Usé', 'Section_5', 23),
(70, 'Neuf', 'Section_4', 109),
(71, 'Usé', 'Section_9', 124),
(72, 'Usé', 'Section_1', 169),
(73, 'Bon état', 'Section_8', 44),
(74, 'Neuf', 'Section_6', 60),
(75, 'Bon état', 'Section_5', 112),
(76, 'Usé', 'Section_10', 50),
(77, 'Usé', 'Section_6', 46),
(78, 'Neuf', 'Section_3', 156),
(79, 'Bon état', 'Section_6', 101),
(80, 'Neuf', 'Section_5', 188),
(81, 'Bon état', 'Section_3', 171),
(82, 'Usé', 'Section_2', 138),
(83, 'Bon état', 'Section_2', 143),
(84, 'Bon état', 'Section_4', 153),
(85, 'Bon état', 'Section_9', 40),
(86, 'Neuf', 'Section_7', 90),
(87, 'Usé', 'Section_10', 11),
(88, 'Neuf', 'Section_9', 165),
(89, 'Bon état', 'Section_9', 176),
(90, 'Neuf', 'Section_6', 24),
(91, 'Bon état', 'Section_8', 99),
(92, 'Neuf', 'Section_6', 82),
(93, 'Usé', 'Section_1', 130),
(94, 'Usé', 'Section_6', 199),
(95, 'Usé', 'Section_4', 110),
(96, 'Neuf', 'Section_10', 14),
(97, 'Bon état', 'Section_1', 103),
(98, 'Usé', 'Section_6', 5),
(99, 'Bon état', 'Section_3', 12),
(100, 'Neuf', 'Section_6', 12),
(101, 'Bon état', 'Section_1', 23),
(102, 'Neuf', 'Section_4', 10),
(103, 'Neuf', 'Section_8', 69),
(104, 'Neuf', 'Section_2', 153),
(105, 'Usé', 'Section_5', 189),
(106, 'Bon état', 'Section_1', 14),
(107, 'Usé', 'Section_9', 89),
(108, 'Neuf', 'Section_9', 134),
(109, 'Usé', 'Section_10', 143),
(110, 'Neuf', 'Section_7', 87),
(111, 'Usé', 'Section_6', 86),
(112, 'Usé', 'Section_5', 60),
(113, 'Neuf', 'Section_5', 187),
(114, 'Usé', 'Section_4', 8),
(115, 'Bon état', 'Section_5', 104),
(116, 'Bon état', 'Section_4', 55),
(117, 'Neuf', 'Section_3', 192),
(118, 'Neuf', 'Section_6', 112),
(119, 'Bon état', 'Section_4', 71),
(120, 'Bon état', 'Section_8', 70),
(121, 'Neuf', 'Section_3', 185),
(122, 'Neuf', 'Section_10', 64),
(123, 'Neuf', 'Section_4', 42),
(124, 'Usé', 'Section_10', 196),
(125, 'Usé', 'Section_10', 60),
(126, 'Neuf', 'Section_8', 47),
(127, 'Neuf', 'Section_4', 136),
(128, 'Usé', 'Section_9', 107),
(129, 'Neuf', 'Section_1', 111),
(130, 'Neuf', 'Section_4', 144),
(131, 'Usé', 'Section_10', 156),
(132, 'Neuf', 'Section_4', 62),
(133, 'Bon état', 'Section_9', 98),
(134, 'Neuf', 'Section_2', 100),
(135, 'Neuf', 'Section_7', 121),
(136, 'Neuf', 'Section_10', 30),
(137, 'Bon état', 'Section_3', 129),
(138, 'Neuf', 'Section_2', 76),
(139, 'Neuf', 'Section_3', 190),
(140, 'Usé', 'Section_1', 68),
(141, 'Neuf', 'Section_5', 137),
(142, 'Usé', 'Section_6', 40),
(143, 'Neuf', 'Section_5', 59),
(144, 'Neuf', 'Section_2', 158),
(145, 'Bon état', 'Section_9', 122),
(146, 'Usé', 'Section_5', 184),
(147, 'Neuf', 'Section_6', 67),
(148, 'Neuf', 'Section_3', 184),
(149, 'Bon état', 'Section_8', 79),
(150, 'Neuf', 'Section_7', 130),
(151, 'Usé', 'Section_7', 184),
(152, 'Usé', 'Section_9', 6),
(153, 'Usé', 'Section_3', 150),
(154, 'Usé', 'Section_3', 17),
(155, 'Usé', 'Section_7', 25),
(156, 'Bon état', 'Section_10', 116),
(157, 'Bon état', 'Section_9', 182),
(158, 'Usé', 'Section_6', 93),
(159, 'Neuf', 'Section_3', 15),
(160, 'Neuf', 'Section_4', 60),
(161, 'Usé', 'Section_9', 22),
(162, 'Bon état', 'Section_2', 24),
(163, 'Bon état', 'Section_1', 165),
(164, 'Usé', 'Section_8', 87),
(165, 'Usé', 'Section_10', 11),
(166, 'Neuf', 'Section_4', 3),
(167, 'Usé', 'Section_5', 40),
(168, 'Bon état', 'Section_6', 75),
(169, 'Usé', 'Section_5', 161),
(170, 'Neuf', 'Section_9', 10),
(171, 'Bon état', 'Section_7', 23),
(172, 'Bon état', 'Section_6', 31),
(173, 'Neuf', 'Section_7', 151),
(174, 'Neuf', 'Section_4', 200),
(175, 'Bon état', 'Section_5', 73),
(176, 'Bon état', 'Section_10', 161),
(177, 'Neuf', 'Section_3', 19),
(178, 'Bon état', 'Section_9', 126),
(179, 'Usé', 'Section_10', 78),
(180, 'Usé', 'Section_2', 120),
(181, 'Usé', 'Section_7', 43),
(182, 'Neuf', 'Section_8', 95),
(183, 'Usé', 'Section_1', 135),
(184, 'Bon état', 'Section_4', 69),
(185, 'Bon état', 'Section_6', 117),
(186, 'Bon état', 'Section_5', 99),
(187, 'Usé', 'Section_6', 22),
(188, 'Usé', 'Section_7', 186),
(189, 'Bon état', 'Section_2', 59),
(190, 'Bon état', 'Section_4', 153),
(191, 'Neuf', 'Section_10', 80),
(192, 'Usé', 'Section_3', 185),
(193, 'Usé', 'Section_5', 41),
(194, 'Bon état', 'Section_1', 188),
(195, 'Bon état', 'Section_6', 169),
(196, 'Bon état', 'Section_8', 19),
(197, 'Usé', 'Section_4', 140),
(198, 'Neuf', 'Section_6', 7),
(199, 'Bon état', 'Section_4', 183),
(200, 'Neuf', 'Section_4', 55),
(201, 'Neuf', 'Section_9', 161),
(202, 'Neuf', 'Section_4', 26),
(203, 'Bon état', 'Section_7', 14),
(204, 'Usé', 'Section_10', 113),
(205, 'Bon état', 'Section_6', 150),
(206, 'Usé', 'Section_1', 12),
(207, 'Usé', 'Section_7', 100),
(208, 'Bon état', 'Section_8', 170),
(209, 'Bon état', 'Section_9', 88),
(210, 'Neuf', 'Section_2', 41),
(211, 'Usé', 'Section_4', 155),
(212, 'Neuf', 'Section_3', 154),
(213, 'Usé', 'Section_2', 76),
(214, 'Bon état', 'Section_2', 52),
(215, 'Bon état', 'Section_7', 54),
(216, 'Neuf', 'Section_7', 192),
(217, 'Bon état', 'Section_8', 189),
(218, 'Neuf', 'Section_7', 1),
(219, 'Neuf', 'Section_3', 113),
(220, 'Bon état', 'Section_5', 160),
(221, 'Bon état', 'Section_7', 5),
(222, 'Neuf', 'Section_4', 59),
(223, 'Neuf', 'Section_6', 194),
(224, 'Usé', 'Section_9', 6),
(225, 'Neuf', 'Section_7', 79),
(226, 'Usé', 'Section_2', 96),
(227, 'Usé', 'Section_7', 24),
(228, 'Usé', 'Section_8', 15),
(229, 'Usé', 'Section_9', 185),
(230, 'Bon état', 'Section_2', 182),
(231, 'Usé', 'Section_4', 15),
(232, 'Usé', 'Section_3', 55),
(233, 'Bon état', 'Section_4', 56),
(234, 'Neuf', 'Section_6', 126),
(235, 'Bon état', 'Section_6', 27),
(236, 'Bon état', 'Section_8', 160),
(237, 'Usé', 'Section_2', 36),
(238, 'Neuf', 'Section_4', 90),
(239, 'Bon état', 'Section_3', 77),
(240, 'Usé', 'Section_2', 57),
(241, 'Usé', 'Section_7', 180),
(242, 'Usé', 'Section_4', 182),
(243, 'Usé', 'Section_9', 196),
(244, 'Bon état', 'Section_4', 40),
(245, 'Bon état', 'Section_3', 72),
(246, 'Bon état', 'Section_6', 143),
(247, 'Usé', 'Section_9', 33),
(248, 'Neuf', 'Section_10', 97),
(249, 'Usé', 'Section_7', 187),
(250, 'Bon état', 'Section_4', 33),
(251, 'Neuf', 'Section_7', 89),
(252, 'Neuf', 'Section_2', 129),
(253, 'Usé', 'Section_8', 164),
(254, 'Neuf', 'Section_10', 143),
(255, 'Neuf', 'Section_1', 134),
(256, 'Bon état', 'Section_10', 109),
(257, 'Bon état', 'Section_7', 108),
(258, 'Neuf', 'Section_7', 177),
(259, 'Neuf', 'Section_4', 76),
(260, 'Usé', 'Section_5', 22),
(261, 'Usé', 'Section_9', 192),
(262, 'Neuf', 'Section_1', 75),
(263, 'Usé', 'Section_9', 18),
(264, 'Bon état', 'Section_2', 15),
(265, 'Usé', 'Section_6', 36),
(266, 'Usé', 'Section_5', 50),
(267, 'Usé', 'Section_4', 85),
(268, 'Neuf', 'Section_10', 72),
(269, 'Neuf', 'Section_3', 129),
(270, 'Bon état', 'Section_8', 66),
(271, 'Usé', 'Section_4', 155),
(272, 'Bon état', 'Section_10', 96),
(273, 'Neuf', 'Section_10', 3),
(274, 'Usé', 'Section_9', 90),
(275, 'Neuf', 'Section_1', 143),
(276, 'Usé', 'Section_8', 84),
(277, 'Neuf', 'Section_8', 82),
(278, 'Usé', 'Section_8', 163),
(279, 'Usé', 'Section_4', 35),
(280, 'Usé', 'Section_4', 109),
(281, 'Usé', 'Section_7', 130),
(282, 'Bon état', 'Section_4', 19),
(283, 'Neuf', 'Section_8', 127),
(284, 'Neuf', 'Section_5', 183),
(285, 'Usé', 'Section_7', 113),
(286, 'Neuf', 'Section_6', 43),
(287, 'Bon état', 'Section_10', 163),
(288, 'Usé', 'Section_6', 115),
(289, 'Bon état', 'Section_4', 100),
(290, 'Bon état', 'Section_4', 28),
(291, 'Neuf', 'Section_4', 148),
(292, 'Neuf', 'Section_9', 45),
(293, 'Neuf', 'Section_4', 119),
(294, 'Bon état', 'Section_3', 124),
(295, 'Bon état', 'Section_8', 16),
(296, 'Neuf', 'Section_3', 196),
(297, 'Usé', 'Section_3', 71),
(298, 'Usé', 'Section_9', 58),
(299, 'Bon état', 'Section_3', 191),
(300, 'Usé', 'Section_5', 22),
(301, 'Neuf', 'Section_10', 100),
(302, 'Bon état', 'Section_10', 174),
(303, 'Neuf', 'Section_10', 56),
(304, 'Usé', 'Section_7', 122),
(305, 'Bon état', 'Section_3', 131),
(306, 'Bon état', 'Section_2', 75),
(307, 'Bon état', 'Section_8', 40),
(308, 'Usé', 'Section_5', 85),
(309, 'Neuf', 'Section_3', 113),
(310, 'Usé', 'Section_7', 36),
(311, 'Usé', 'Section_9', 157),
(312, 'Neuf', 'Section_5', 115),
(313, 'Usé', 'Section_4', 95),
(314, 'Bon état', 'Section_10', 171),
(315, 'Bon état', 'Section_4', 43),
(316, 'Bon état', 'Section_3', 174),
(317, 'Usé', 'Section_5', 56),
(318, 'Neuf', 'Section_1', 177),
(319, 'Bon état', 'Section_8', 125),
(320, 'Neuf', 'Section_9', 61),
(321, 'Neuf', 'Section_9', 92),
(322, 'Bon état', 'Section_5', 185),
(323, 'Usé', 'Section_9', 4),
(324, 'Neuf', 'Section_5', 130),
(325, 'Neuf', 'Section_3', 153),
(326, 'Neuf', 'Section_6', 25),
(327, 'Bon état', 'Section_5', 186),
(328, 'Neuf', 'Section_6', 98),
(329, 'Neuf', 'Section_10', 147),
(330, 'Bon état', 'Section_2', 180),
(331, 'Neuf', 'Section_8', 47),
(332, 'Bon état', 'Section_4', 41),
(333, 'Bon état', 'Section_10', 110),
(334, 'Bon état', 'Section_7', 3),
(335, 'Neuf', 'Section_9', 72),
(336, 'Neuf', 'Section_2', 87),
(337, 'Usé', 'Section_1', 131),
(338, 'Neuf', 'Section_6', 51),
(339, 'Neuf', 'Section_1', 117),
(340, 'Neuf', 'Section_4', 35),
(341, 'Neuf', 'Section_3', 108),
(342, 'Usé', 'Section_2', 134),
(343, 'Usé', 'Section_8', 28),
(344, 'Neuf', 'Section_1', 97),
(345, 'Usé', 'Section_9', 47),
(346, 'Bon état', 'Section_9', 107),
(347, 'Neuf', 'Section_2', 139),
(348, 'Neuf', 'Section_8', 160),
(349, 'Usé', 'Section_7', 110),
(350, 'Neuf', 'Section_6', 131),
(351, 'Usé', 'Section_1', 129),
(352, 'Bon état', 'Section_8', 194),
(353, 'Usé', 'Section_9', 106),
(354, 'Bon état', 'Section_7', 185),
(355, 'Neuf', 'Section_3', 80),
(356, 'Bon état', 'Section_6', 184),
(357, 'Bon état', 'Section_3', 105),
(358, 'Bon état', 'Section_3', 30),
(359, 'Usé', 'Section_8', 97),
(360, 'Usé', 'Section_3', 173),
(361, 'Neuf', 'Section_1', 54),
(362, 'Neuf', 'Section_7', 117),
(363, 'Usé', 'Section_9', 13),
(364, 'Neuf', 'Section_3', 136),
(365, 'Neuf', 'Section_6', 30),
(366, 'Neuf', 'Section_9', 84),
(367, 'Usé', 'Section_6', 108),
(368, 'Neuf', 'Section_5', 131),
(369, 'Bon état', 'Section_3', 33),
(370, 'Bon état', 'Section_8', 117),
(371, 'Usé', 'Section_7', 102),
(372, 'Bon état', 'Section_1', 56),
(373, 'Neuf', 'Section_4', 111),
(374, 'Neuf', 'Section_6', 51),
(375, 'Usé', 'Section_10', 42),
(376, 'Bon état', 'Section_5', 152),
(377, 'Neuf', 'Section_5', 74),
(378, 'Neuf', 'Section_10', 162),
(379, 'Usé', 'Section_4', 3),
(380, 'Bon état', 'Section_7', 38),
(381, 'Neuf', 'Section_3', 164),
(382, 'Usé', 'Section_4', 109),
(383, 'Usé', 'Section_2', 150),
(384, 'Bon état', 'Section_1', 116),
(385, 'Usé', 'Section_10', 57),
(386, 'Neuf', 'Section_2', 131),
(387, 'Bon état', 'Section_3', 47),
(388, 'Usé', 'Section_3', 182),
(389, 'Neuf', 'Section_3', 48),
(390, 'Bon état', 'Section_3', 121),
(391, 'Usé', 'Section_4', 58),
(392, 'Bon état', 'Section_8', 31),
(393, 'Bon état', 'Section_2', 192),
(394, 'Usé', 'Section_8', 136),
(395, 'Neuf', 'Section_3', 130),
(396, 'Usé', 'Section_5', 134),
(397, 'Neuf', 'Section_10', 25),
(398, 'Usé', 'Section_4', 18),
(399, 'Usé', 'Section_7', 74),
(400, 'Bon état', 'Section_2', 5),
(401, 'Usé', 'Section_4', 133),
(402, 'Bon état', 'Section_5', 164),
(403, 'Neuf', 'Section_9', 20),
(404, 'Neuf', 'Section_3', 17),
(405, 'Neuf', 'Section_5', 121),
(406, 'Usé', 'Section_4', 101),
(407, 'Neuf', 'Section_4', 111),
(408, 'Bon état', 'Section_5', 168),
(409, 'Usé', 'Section_2', 168),
(410, 'Usé', 'Section_3', 83),
(411, 'Bon état', 'Section_1', 81),
(412, 'Neuf', 'Section_9', 159),
(413, 'Bon état', 'Section_3', 2),
(414, 'Bon état', 'Section_8', 39),
(415, 'Usé', 'Section_7', 28),
(416, 'Usé', 'Section_2', 74),
(417, 'Usé', 'Section_10', 121),
(418, 'Bon état', 'Section_7', 61),
(419, 'Neuf', 'Section_2', 32),
(420, 'Bon état', 'Section_6', 119),
(421, 'Usé', 'Section_8', 24),
(422, 'Bon état', 'Section_4', 68),
(423, 'Bon état', 'Section_6', 70),
(424, 'Usé', 'Section_3', 108),
(425, 'Usé', 'Section_10', 176),
(426, 'Usé', 'Section_9', 9),
(427, 'Bon état', 'Section_5', 107),
(428, 'Usé', 'Section_1', 12),
(429, 'Bon état', 'Section_10', 31),
(430, 'Neuf', 'Section_10', 200),
(431, 'Usé', 'Section_9', 64),
(432, 'Neuf', 'Section_3', 8),
(433, 'Usé', 'Section_2', 8),
(434, 'Neuf', 'Section_6', 93),
(435, 'Usé', 'Section_7', 22),
(436, 'Usé', 'Section_2', 181),
(437, 'Usé', 'Section_6', 193),
(438, 'Neuf', 'Section_3', 45),
(439, 'Bon état', 'Section_1', 53),
(440, 'Neuf', 'Section_4', 27),
(441, 'Neuf', 'Section_10', 94),
(442, 'Bon état', 'Section_2', 38),
(443, 'Neuf', 'Section_6', 13),
(444, 'Neuf', 'Section_2', 116),
(445, 'Bon état', 'Section_10', 133),
(446, 'Usé', 'Section_4', 117),
(447, 'Usé', 'Section_9', 12),
(448, 'Bon état', 'Section_10', 104),
(449, 'Bon état', 'Section_5', 78),
(450, 'Bon état', 'Section_4', 45),
(451, 'Neuf', 'Section_1', 199),
(452, 'Usé', 'Section_5', 24),
(453, 'Neuf', 'Section_4', 45),
(454, 'Usé', 'Section_10', 93),
(455, 'Bon état', 'Section_4', 183),
(456, 'Usé', 'Section_5', 31),
(457, 'Bon état', 'Section_10', 42),
(458, 'Usé', 'Section_8', 188),
(459, 'Bon état', 'Section_6', 112),
(460, 'Neuf', 'Section_10', 19),
(461, 'Usé', 'Section_2', 114),
(462, 'Usé', 'Section_9', 132),
(463, 'Bon état', 'Section_5', 53),
(464, 'Neuf', 'Section_3', 142),
(465, 'Usé', 'Section_1', 125),
(466, 'Neuf', 'Section_5', 36),
(467, 'Neuf', 'Section_10', 84),
(468, 'Neuf', 'Section_1', 49),
(469, 'Bon état', 'Section_5', 84),
(470, 'Bon état', 'Section_10', 185),
(471, 'Usé', 'Section_8', 83),
(472, 'Bon état', 'Section_8', 136),
(473, 'Usé', 'Section_7', 57),
(474, 'Bon état', 'Section_3', 189),
(475, 'Neuf', 'Section_3', 48),
(476, 'Bon état', 'Section_5', 7),
(477, 'Bon état', 'Section_4', 125),
(478, 'Bon état', 'Section_3', 111),
(479, 'Bon état', 'Section_10', 166),
(480, 'Bon état', 'Section_6', 124),
(481, 'Neuf', 'Section_5', 57),
(482, 'Bon état', 'Section_4', 129),
(483, 'Usé', 'Section_6', 7),
(484, 'Neuf', 'Section_4', 74),
(485, 'Bon état', 'Section_7', 200),
(486, 'Neuf', 'Section_1', 38),
(487, 'Usé', 'Section_1', 135),
(488, 'Bon état', 'Section_8', 13),
(489, 'Bon état', 'Section_7', 103),
(490, 'Usé', 'Section_9', 103),
(491, 'Usé', 'Section_3', 124),
(492, 'Bon état', 'Section_7', 66),
(493, 'Neuf', 'Section_7', 65),
(494, 'Bon état', 'Section_8', 94),
(495, 'Usé', 'Section_8', 26),
(496, 'Neuf', 'Section_10', 116),
(497, 'Neuf', 'Section_1', 23),
(498, 'Neuf', 'Section_8', 169),
(499, 'Usé', 'Section_7', 44),
(500, 'Neuf', 'Section_1', 117);

-- --------------------------------------------------------

--
-- Table structure for table `ouvrage`
--

DROP TABLE IF EXISTS `ouvrage`;
CREATE TABLE IF NOT EXISTS `ouvrage` (
  `ID_Ouvrage` int NOT NULL,
  `Titre` varchar(100) NOT NULL,
  `Auteur` varchar(50) NOT NULL,
  `Quantite_disponible` int NOT NULL,
  `Date_reception` date NOT NULL,
  PRIMARY KEY (`ID_Ouvrage`)
) ENGINE=InnoDB DEFAULT CHARSET=utf8mb4 COLLATE=utf8mb4_0900_ai_ci;

--
-- Dumping data for table `ouvrage`
--

INSERT INTO `ouvrage` (`ID_Ouvrage`, `Titre`, `Auteur`, `Quantite_disponible`, `Date_reception`) VALUES
(1, 'Porte ciel curieux', 'Michelle Faivre', 2, '2022-05-16'),
(2, 'Naître visite eaux', 'Luc Courtois', 9, '2022-04-13'),
(3, 'Gens goût aventure elle facile', 'Noël Leblanc', 9, '2022-10-07'),
(4, 'Membre passé on chef', 'Olivie Joseph', 4, '2024-09-19'),
(5, 'Ciel source', 'Suzanne Dubois', 2, '2023-02-16'),
(6, 'Politique verre toujours sembler présent', 'Jeannine Lacroix-Hoarau', 8, '2024-09-03'),
(7, 'Apprendre nombre couleur brusquement', 'Thomas Duhamel', 10, '2022-06-24'),
(8, 'Poursuivre éprouver', 'Cécile Gosselin', 2, '2024-08-20'),
(9, 'Moyen planche repas beau ni', 'Richard Le Gall', 5, '2023-12-07'),
(10, 'Montagne vous douze construire', 'Colette Carlier-Coste', 8, '2024-10-06'),
(11, 'Sommet brusquement glace', 'Noël-Stéphane Bouvier', 2, '2022-11-10'),
(12, 'Lien croiser précipiter te exister', 'Honoré Colin', 5, '2022-08-20'),
(13, 'Réunir contraire', 'Frédérique Jacquet-Bonneau', 5, '2022-07-29'),
(14, 'Réunir chair', 'Céline Blin-Colas', 1, '2022-09-16'),
(15, 'Jambe vaste tomber', 'Marcelle-Denise De Oliveira', 5, '2023-03-15'),
(16, 'Pitié attaquer place', 'Alfred Bouvet-Laurent', 3, '2023-05-11'),
(17, 'Et public', 'Éric-Théodore Royer', 6, '2024-04-27'),
(18, 'Sien départ vouloir lendemain rester', 'Philippine Lemoine', 7, '2022-09-30'),
(19, 'Etc doute nerveux sueur tendre', 'Cécile Chauveau', 8, '2022-12-11'),
(20, 'Résister discuter deux page', 'Noémi de la Vincent', 2, '2023-02-17'),
(21, 'Un tourner soldat', 'Aurore Leleu', 8, '2022-09-17'),
(22, 'Rapidement honneur cacher doux', 'Margaret Lopes', 3, '2024-07-14'),
(23, 'Type arrière saint coin', 'Franck Lombard', 2, '2022-05-04'),
(24, 'Tout il exiger', 'Henri Techer Le Texier', 8, '2024-09-15'),
(25, 'Toit accomplir troisième subir', 'Inès-Audrey Dumas', 10, '2022-09-27'),
(26, 'Rencontre faveur sur immense fumée', 'Jacques Leconte', 4, '2024-10-14'),
(27, 'Plan raison île se par', 'Lucy Loiseau du Arnaud', 6, '2023-11-01'),
(28, 'Discussion pauvre sept', 'Léon Bonnin-Marques', 6, '2022-08-28'),
(29, 'Là mari', 'Émile Dupuy', 6, '2023-03-29'),
(30, 'Préférer traiter sourire simplement', 'Grégoire Charrier', 3, '2023-04-09'),
(31, 'Retour réunir regretter enfance', 'Nath Raymond Le Leduc', 6, '2022-11-04'),
(32, 'Ce dangereux', 'Denise Antoine', 5, '2022-07-29'),
(33, 'Chemise beau instant goût', 'Pierre Maurice de la Maury', 8, '2024-11-02'),
(34, 'Social corps peur autorité', 'Véronique Simon-David', 10, '2022-09-03'),
(35, 'Élément travailler préparer que recevoir', 'Valérie Noël de Deschamps', 5, '2024-04-18'),
(36, 'Trembler arrière animer tu', 'Camille Pichon', 9, '2022-10-14'),
(37, 'Apercevoir prévenir', 'Adélaïde Marie', 5, '2023-05-31'),
(38, 'Déjà près traîner fer aile', 'Odette Bonnin', 1, '2023-03-21'),
(39, 'Pas falloir on fumer', 'Camille Gonzalez de la Martinez', 4, '2024-02-11'),
(40, 'Montrer passion leur essuyer souvent', 'Arthur de la Fernandes', 4, '2023-08-28'),
(41, 'Profondément acheter employer', 'Constance Philippe', 1, '2023-12-30'),
(42, 'Entre emmener enfin', 'Paulette Texier', 4, '2023-07-03'),
(43, 'Gauche cheval', 'Jeanne Guyon', 3, '2024-01-14'),
(44, 'Naître enfoncer repousser', 'Sébastien Bègue', 5, '2022-11-09'),
(45, 'Guerre intention fils cours', 'Sophie Fischer', 1, '2023-07-10'),
(46, 'Hésiter aventure agent supérieur', 'Jeanne Laurent', 5, '2023-08-08'),
(47, 'Simplement accorder', 'Hélène Dijoux', 9, '2022-04-03'),
(48, 'Absolument réel véritable', 'Alain Blin', 4, '2024-05-25'),
(49, 'Entendre étroit boire', 'Bernadette Prévost-Becker', 6, '2022-06-15'),
(50, 'Camarade effet', 'Roland Dupré', 4, '2024-02-17'),
(51, 'Saint fier', 'Aimée Le Gall', 2, '2024-06-21'),
(52, 'Aujourd\'Hui taille souffrance charger', 'Isabelle Le Maurice', 1, '2024-02-23'),
(53, 'Plein recueillir conseil', 'Luc Bernard-Leblanc', 6, '2023-01-12'),
(54, 'Public religion', 'François Maréchal', 9, '2024-03-10'),
(55, 'Beau saint', 'Christine Potier', 3, '2023-12-13'),
(56, 'Assister fin public époque', 'Renée Martins', 4, '2024-03-13'),
(57, 'Côte allumer', 'Louise Maillet', 7, '2022-08-26'),
(58, 'Public arme fond taire', 'Jules Le Fernandez', 3, '2024-04-18'),
(59, 'Rêver mois reprendre', 'Corinne Le Gall', 6, '2024-03-22'),
(60, 'Diriger amour comment sujet', 'Maurice Faivre', 5, '2023-11-23'),
(61, 'Signe ville réflexion', 'Élise Foucher de Gérard', 8, '2022-10-28'),
(62, 'Reculer rapidement', 'Sébastien Dijoux-Joseph', 5, '2023-09-18'),
(63, 'Troisième tombe dix', 'Bernard Robin-Gauthier', 9, '2022-12-20'),
(64, 'Madame ouvrage façon', 'Marcel Lefèvre', 1, '2024-11-19'),
(65, 'Combien note dès là autorité', 'Patrick Germain de la Blanchet', 2, '2023-01-11'),
(66, 'École oublier doigt papa appartement', 'André Chauvin', 10, '2023-05-07'),
(67, 'Coup dos agent présent', 'Marine Regnier', 7, '2023-09-21'),
(68, 'Défendre frapper clair', 'Émile Guilbert', 2, '2024-03-16'),
(69, 'Taire bas découvrir bas', 'Nicole Gillet', 4, '2023-08-27'),
(70, 'Au composer', 'Pénélope De Oliveira', 1, '2023-02-19'),
(71, 'Terminer plusieurs lisser', 'Luc du Boucher', 10, '2024-05-31'),
(72, 'Déclarer révolution volonté', 'Marthe Martinez', 10, '2023-08-05'),
(73, 'Entrer paix', 'Antoinette Descamps-Marin', 3, '2023-09-25'),
(74, 'Croix fonder noire pourquoi', 'Denise Bourdon', 2, '2023-05-10'),
(75, 'Minute faute commencer demeurer ci', 'Astrid Martel', 1, '2023-01-27'),
(76, 'Continuer cause personne rompre forcer', 'Zacharie Vasseur Le Mace', 3, '2022-07-04'),
(77, 'Objet promettre', 'Paulette Petitjean', 2, '2024-02-19'),
(78, 'Placer franc', 'Gérard-Raymond Pires', 6, '2024-01-26'),
(79, 'Rester faire impossible jeune', 'Capucine Lefort', 1, '2023-04-18'),
(80, 'Parler erreur phrase', 'Raymond Dupont', 5, '2022-11-14'),
(81, 'Franchir avis hiver envoyer entretenir', 'Jeannine Texier', 3, '2023-01-23'),
(82, 'Compter ruine naturel', 'Marc de Dufour', 5, '2022-12-03'),
(83, 'Volonté bras', 'Thibaut-Timothée Ollivier', 5, '2023-10-27'),
(84, 'Robe vie nourrir obliger', 'Josette Thierry', 1, '2022-05-26'),
(85, 'Inconnu vous', 'Arthur Marty', 4, '2022-04-22'),
(86, 'Visible goût officier bas figure', 'Julien Lambert', 5, '2023-01-10'),
(87, 'Beaucoup pain', 'Adrien Louis', 5, '2024-02-02'),
(88, 'Abattre ensemble', 'Cécile-Renée Lombard', 5, '2024-01-24'),
(89, 'Lors cela delà', 'Nathalie Valentin', 8, '2023-04-25'),
(90, 'Claire poser', 'Laure du Marin', 4, '2024-09-18'),
(91, 'User réussir bonheur affaire désespoir', 'Thibault Da Costa', 6, '2023-09-12'),
(92, 'Départ gouvernement caractère rose', 'Noël Le Breton', 6, '2022-06-17'),
(93, 'Poitrine je monde situation', 'Audrey Lelièvre Le Fontaine', 3, '2023-10-09'),
(94, 'Réalité résoudre', 'Antoine Chauvet', 5, '2024-10-15'),
(95, 'Égal tel déchirer', 'Henri Dumont', 8, '2022-11-13'),
(96, 'Douter ramasser', 'Noémi Langlois', 1, '2022-11-02'),
(97, 'Habitude rue précéder entre plaindre', 'Céline Rolland-Noël', 1, '2024-05-04'),
(98, 'Présent prétendre prouver simplement cabinet', 'Denis Samson', 5, '2024-01-05'),
(99, 'Chef pour entendre intérieur', 'Corinne Leconte', 3, '2023-07-17'),
(100, 'Adresser ramasser hors', 'Guillaume Mary', 3, '2022-05-16'),
(101, 'Mille selon', 'Jean Maury', 8, '2023-03-07'),
(102, 'Terminer essuyer point combien', 'Pauline Chevallier-Daniel', 3, '2022-12-08'),
(103, 'Profondément époque corde proposer autorité', 'Paulette de Leleu', 7, '2022-05-22'),
(104, 'Seuil confondre condamner davantage', 'Marc Diaz', 8, '2023-07-17'),
(105, 'Non rouge dessus tache', 'Camille Andre', 2, '2023-10-04'),
(106, 'Presser ouvrir tout', 'Odette Rolland', 6, '2022-11-07'),
(107, 'Cou aucun ensemble semaine', 'Alexandre Rodrigues', 8, '2023-07-02'),
(108, 'Poésie changer unique', 'Joseph Perrin', 6, '2024-05-26'),
(109, 'Dimanche monde admettre', 'Diane de Delahaye', 10, '2023-10-03'),
(110, 'Long étude drame', 'Marianne Lesage', 7, '2022-04-08'),
(111, 'Autrefois parfaitement désirer gauche', 'Caroline Chrétien', 8, '2023-01-07'),
(112, 'Discours humain devoir réel soi', 'Jacques Sanchez', 1, '2024-08-29'),
(113, 'Amour engager oiseau', 'Martin Weber', 3, '2022-07-26'),
(114, 'Mot marché escalier force', 'Guillaume Lemonnier', 10, '2023-06-05'),
(115, 'Monde situation comme groupe', 'Hortense Michaud Le Rossi', 7, '2023-06-20'),
(116, 'Passage haut hésiter cesser que', 'Aurore Guilbert', 1, '2023-12-21'),
(117, 'Curieux sous', 'Lucy Michel', 3, '2024-06-26'),
(118, 'Sombre triste couleur traverser jardin', 'François Julien', 2, '2024-08-24'),
(119, 'Objet douze cou il sec', 'Denis-Gilbert Samson', 6, '2023-09-09'),
(120, 'Image mener chaleur', 'Jules Gomes', 3, '2022-10-26'),
(121, 'Paupière un demander enlever contre', 'Benoît Charles', 1, '2022-04-24'),
(122, 'Souhaiter céder savoir visage', 'Mathilde Bourgeois', 7, '2024-03-05'),
(123, 'Comme ruine mort', 'Maryse De Oliveira', 2, '2023-04-29'),
(124, 'Lisser espèce oreille sentier', 'Roland Boulanger', 7, '2023-10-23'),
(125, 'Vol second après magnifique côté', 'Suzanne Poirier', 6, '2022-12-23'),
(126, 'Souvenir étrange', 'Olivier Samson', 8, '2023-06-16'),
(127, 'Ci bataille fait passion attirer', 'Thibault Samson', 2, '2024-11-18'),
(128, 'Figurer gauche discours moindre journal', 'Zacharie Laurent', 3, '2024-08-10'),
(129, 'Décrire par', 'François-Alphonse Brunet', 5, '2022-08-12'),
(130, 'Flamme relation observer', 'Margaux Bègue', 9, '2023-12-16'),
(131, 'Trace paupière joie gens', 'Maryse Louis-Jacques', 4, '2022-11-28'),
(132, 'Endormir bon', 'Gabrielle Barthelemy', 5, '2022-09-24'),
(133, 'Silencieux immobile cinquante dessiner', 'Sabine Joseph', 6, '2023-02-04'),
(134, 'Trou blanc poète prix', 'Mathilde Regnier', 9, '2024-01-05'),
(135, 'Arrêter signer si', 'Emmanuelle Colas', 7, '2023-01-29'),
(136, 'Empêcher me nerveux', 'Michelle Pichon', 9, '2023-09-18'),
(137, 'Raconter éloigner vague', 'Luc-Timothée Duval', 7, '2022-07-14'),
(138, 'Vérité bataille position dur', 'Danielle Marchand', 3, '2024-04-05'),
(139, 'Droit fer posséder vol dépasser', 'Marianne Faure', 5, '2024-05-24'),
(140, 'Défaut banc grand droite', 'Rémy Lefebvre', 7, '2024-08-10'),
(141, 'Résoudre respirer', 'Chantal Didier', 7, '2024-10-28'),
(142, 'Animer etc', 'Alfred Poirier de la Allard', 4, '2023-08-23'),
(143, 'Voiture argent avant mettre', 'Marc Lefèvre de Labbé', 5, '2024-02-02'),
(144, 'Imposer créer cesse', 'Véronique Le Pons', 7, '2023-09-18'),
(145, 'Ajouter ciel etc achever', 'Robert-Yves Maillard', 4, '2022-11-21'),
(146, 'Soudain habitude aimer', 'Caroline Pineau', 4, '2024-09-18'),
(147, 'Entrer abri mon penser principe', 'Étienne Rodrigues Le Hubert', 5, '2024-07-22'),
(148, 'Surveiller militaire d\'abord peine musique', 'Céline-Susanne Grégoire', 4, '2022-08-03'),
(149, 'Queue inutile paraître présent', 'Grégoire Fabre', 2, '2024-11-26'),
(150, 'Jaune quitter ton président lune', 'Alfred Peltier Le Lemaire', 6, '2022-05-04'),
(151, 'Drame aventure apparence', 'Astrid-Antoinette Marchal', 8, '2024-09-25'),
(152, 'Par somme exiger', 'Julien Roche de la Bouvier', 4, '2023-10-19'),
(153, 'Libre arbre rouler', 'Yves Bonneau', 10, '2024-05-01'),
(154, 'Certain part rocher service', 'Gabriel Dijoux', 1, '2023-10-12'),
(155, 'Ton veille', 'Astrid Roche', 1, '2023-12-24'),
(156, 'Dormir mieux gens', 'Jacqueline Auger Le Moulin', 2, '2023-02-16'),
(157, 'Dès aujourd\'hui apporter', 'Noël Maury', 9, '2022-05-14'),
(158, 'Trembler expérience confiance parcourir', 'Hugues Bourdon', 3, '2023-08-02'),
(159, 'Suite sonner', 'Michel Benard', 6, '2023-03-11'),
(160, 'Ferme prêt nez', 'Éléonore Fontaine', 8, '2023-06-08'),
(161, 'Être vraiment âge paysage', 'Andrée-Bernadette Delaunay', 2, '2022-11-03'),
(162, 'Rare demeurer plus accorder', 'Noël Regnier', 7, '2023-04-25'),
(163, 'Mien celui', 'Louise Lemaire', 4, '2022-08-08'),
(164, 'Écraser premier', 'Émile Baron', 9, '2024-02-27'),
(165, 'Embrasser troubler deviner visage', 'Tristan du Toussaint', 6, '2022-03-12'),
(166, 'Brûler haïr', 'Jacques Munoz', 3, '2023-05-01'),
(167, 'Qualité beaux société six', 'Grégoire Rossi', 5, '2024-09-10'),
(168, 'Crise reprendre certes apparaître', 'Céline Girard', 5, '2023-04-25'),
(169, 'Camarade attention presque', 'Michel Allard de Merle', 9, '2023-05-25'),
(170, 'Semblable voiture en', 'Émilie Boyer', 1, '2024-02-22'),
(171, 'Calme permettre flamme', 'Catherine du Briand', 6, '2024-11-15'),
(172, 'Pour auteur auprès avant', 'Anne de la Pruvost', 3, '2022-11-01'),
(173, 'Précieux précieux serrer étude plan', 'Roger Pottier-Ruiz', 3, '2024-02-26'),
(174, 'Yeux quitter rocher mesure', 'Laurent-Grégoire Lesage', 7, '2024-05-15'),
(175, 'Hier libre apprendre soit', 'Alphonse Carlier du Neveu', 1, '2023-12-18'),
(176, 'Commencer faveur réponse haine billet', 'Timothée Gomez', 2, '2023-09-12'),
(177, 'Intérieur autant', 'Noël Le Morel', 1, '2023-06-04'),
(178, 'Neuf article mémoire veiller', 'Philippe Collin-Vincent', 5, '2022-10-31'),
(179, 'Lien tromper', 'Étienne Thibault de Lemonnier', 9, '2022-08-10'),
(180, 'Bas lutte propre', 'Pauline Gomez-Neveu', 7, '2023-11-20'),
(181, 'Goutte barbe herbe secours', 'Thérèse Costa', 4, '2022-04-11'),
(182, 'Absolument sourire mince', 'Laurent Raynaud-Pottier', 3, '2024-10-09'),
(183, 'Plonger encore précis', 'Honoré Le Pottier', 9, '2024-07-26'),
(184, 'Autorité réunir ouvert certes', 'François Bonneau', 1, '2023-08-18'),
(185, 'Serrer tête jambe premier', 'Jacques Dumont', 8, '2024-05-05'),
(186, 'Sec chaise homme sur visite', 'Juliette-Marthe Bigot', 1, '2024-09-04'),
(187, 'Trou chaque autant carte quelque', 'Xavier Descamps-Baudry', 10, '2023-02-25'),
(188, 'Ombre reculer arrêter', 'Maurice Marchand', 3, '2022-12-05'),
(189, 'Égal veiller discours prétendre supporter', 'Marcel Dos Santos', 9, '2024-05-03'),
(190, 'Énergie clair fer commander foule', 'Philippe-Léon Robin', 10, '2024-08-05'),
(191, 'Reconnaître animal ah haut', 'Adélaïde Guillot', 6, '2023-06-16'),
(192, 'Victime autre', 'Auguste Vallée', 2, '2022-10-02'),
(193, 'Réalité gris mettre étaler', 'René Blin', 2, '2024-06-15'),
(194, 'Idée nouveau', 'Éric Gimenez', 7, '2023-02-25'),
(195, 'Muet nature', 'Luc Gimenez', 1, '2022-06-21'),
(196, 'Bataille petit guerre', 'Raymond Jacques', 8, '2023-07-28'),
(197, 'Libre sien déjà parcourir', 'Eugène Dos Santos', 6, '2023-06-30'),
(198, 'Mort chat soldat religion pénétrer', 'Andrée Morin-Lamy', 1, '2023-07-31'),
(199, 'Mode jambe promener', 'Paulette Petit', 9, '2023-01-20'),
(200, 'Préparer quinze', 'Noël Vallet', 5, '2024-09-04');

-- --------------------------------------------------------

--
-- Table structure for table `suggestion`
--

DROP TABLE IF EXISTS `suggestion`;
CREATE TABLE IF NOT EXISTS `suggestion` (
  `ID_Suggestion` int NOT NULL,
  `Titre_Ouvrage` varchar(100) NOT NULL,
  `Auteur` varchar(50) DEFAULT NULL,
  `Date_Suggestion` date NOT NULL,
  `Statut` varchar(20) NOT NULL,
  `ID_Ouvrage` int DEFAULT NULL,
  `ID_Utilisateur` int NOT NULL,
  PRIMARY KEY (`ID_Suggestion`),
  KEY `ID_Ouvrage` (`ID_Ouvrage`),
  KEY `ID_Utilisateur` (`ID_Utilisateur`)
) ENGINE=InnoDB DEFAULT CHARSET=utf8mb4 COLLATE=utf8mb4_0900_ai_ci;

--
-- Dumping data for table `suggestion`
--

INSERT INTO `suggestion` (`ID_Suggestion`, `Titre_Ouvrage`, `Auteur`, `Date_Suggestion`, `Statut`, `ID_Ouvrage`, `ID_Utilisateur`) VALUES
(1, 'Énergie clair fer commander foule', 'Philippe-Léon Robin', '2024-08-09', 'Refusée', 190, 24),
(2, 'Entrer abri mon penser principe', 'Étienne Rodrigues Le Hubert', '2024-04-23', 'Refusée', 147, 61),
(3, 'Chemise beau instant goût', 'Pierre Maurice de la Maury', '2024-02-17', 'Refusée', 33, 79),
(4, 'Parler erreur phrase', 'Raymond Dupont', '2024-01-02', 'En attente', 80, 57),
(5, 'Toit accomplir troisième subir', 'Inès-Audrey Dumas', '2023-12-29', 'En attente', 25, 2),
(6, 'Surtout défaut société', 'Marine-Noémi Fischer', '2024-04-11', 'En attente', 0, 9),
(7, 'Annoncer imposer nature santé camarade', 'Denise Bernard', '2024-04-15', 'Acceptée', 0, 53),
(8, 'Calmer note quart', 'Capucine Bruneau de Perrier', '2024-03-14', 'En attente', 0, 72),
(9, 'Ciel source', 'Suzanne Dubois', '2024-03-06', 'En attente', 5, 60),
(10, 'Retrouver robe', 'Zacharie David', '2024-11-22', 'Refusée', 0, 75),
(11, 'Violence agir recherche souffler', 'Jean Vaillant', '2024-03-11', 'Refusée', 0, 26),
(12, 'Préparer quinze', 'Noël Vallet', '2024-03-29', 'En attente', 200, 88),
(13, 'Dernier oh avoir', 'Michèle de Rémy', '2024-02-15', 'Acceptée', 0, 84),
(14, 'Étrange paysan ombre habiller', 'Josette Barthelemy', '2024-03-04', 'En attente', 0, 30),
(15, 'Conclure selon banc', 'Thibaut De Oliveira', '2024-04-24', 'En attente', 0, 90),
(16, 'Serrer tête jambe premier', 'Jacques Dumont', '2024-05-06', 'Refusée', 185, 20),
(17, 'Ramasser seuil durer user céder', 'Pénélope-Camille Martel', '2024-04-09', 'Refusée', 0, 5),
(18, 'Cabinet rejeter scène', 'Gilbert Peltier', '2024-07-27', 'Acceptée', 0, 77),
(19, 'Précieux précieux serrer étude plan', 'Roger Pottier-Ruiz', '2023-12-06', 'Refusée', 173, 82),
(20, 'Remarquer voici sourire', 'Nicolas Boyer du Labbé', '2024-09-11', 'Refusée', 0, 88),
(21, 'École oublier doigt papa appartement', 'André Chauvin', '2024-10-27', 'En attente', 66, 25),
(22, 'Politique enfance million', 'Grégoire Ramos', '2023-12-06', 'Refusée', 0, 72),
(23, 'Cent loup', 'Anaïs Carre', '2024-05-31', 'Acceptée', 0, 16),
(24, 'Dormir mieux gens', 'Jacqueline Auger Le Moulin', '2024-06-29', 'Acceptée', 156, 99),
(25, 'Type arrière saint coin', 'Franck Lombard', '2024-09-02', 'En attente', 23, 6),
(26, 'Pendant simplement', 'Alex Thierry', '2024-04-28', 'Acceptée', 0, 55),
(27, 'Discussion pauvre sept', 'Léon Bonnin-Marques', '2023-12-31', 'En attente', 28, 39),
(28, 'Parler erreur phrase', 'Raymond Dupont', '2024-03-16', 'Refusée', 80, 1),
(29, 'Dès aujourd\'hui apporter', 'Noël Maury', '2024-10-01', 'En attente', 157, 86),
(30, 'Écouter prochain amuser', 'Timothée Wagner', '2024-02-24', 'En attente', 0, 53),
(31, 'Corps diriger', 'Astrid Gay-Ferrand', '2024-03-28', 'En attente', 0, 48),
(32, 'Image mener chaleur', 'Jules Gomes', '2024-03-04', 'Refusée', 120, 69),
(33, 'Minute faute commencer demeurer ci', 'Astrid Martel', '2024-10-23', 'Acceptée', 75, 19),
(34, 'Patron scène', 'Denis Peltier', '2024-02-20', 'Acceptée', 0, 41),
(35, 'Lien tromper', 'Étienne Thibault de Lemonnier', '2024-01-27', 'Acceptée', 179, 3),
(36, 'Plein exemple', 'Xavier du De Oliveira', '2024-10-26', 'Refusée', 0, 95),
(37, 'Croix fonder noire pourquoi', 'Denise Bourdon', '2024-04-25', 'Acceptée', 74, 36),
(38, 'Dormir mieux gens', 'Jacqueline Auger Le Moulin', '2024-02-04', 'Acceptée', 156, 11),
(39, 'Madame ouvrage façon', 'Marcel Lefèvre', '2023-12-05', 'Acceptée', 64, 61),
(40, 'Idée emmener garde quoi', 'Lucie Boucher', '2024-06-12', 'Acceptée', 0, 22),
(41, 'Montagne vous douze construire', 'Colette Carlier-Coste', '2024-04-14', 'Refusée', 10, 60),
(42, 'Souvenir étrange', 'Olivier Samson', '2023-11-28', 'Acceptée', 126, 2),
(43, 'Sentier par espace contraire entrée', 'Célina Aubry', '2024-04-29', 'En attente', 0, 95),
(44, 'Poursuivre éprouver', 'Cécile Gosselin', '2024-06-01', 'Refusée', 8, 75),
(45, 'Intérieur autant', 'Noël Le Morel', '2024-11-11', 'Refusée', 177, 70),
(46, 'Au composer', 'Pénélope De Oliveira', '2024-06-14', 'Refusée', 70, 41),
(47, 'Espace air', 'Richard Pires', '2024-03-20', 'Acceptée', 0, 81),
(48, 'Saint fier', 'Aimée Le Gall', '2024-10-14', 'En attente', 51, 43),
(49, 'Noir poser service commander', 'Thibault Perrier', '2024-01-19', 'Refusée', 0, 2),
(50, 'Avancer presser', 'Gabriel Weber-Giraud', '2024-07-07', 'Refusée', 0, 92),
(51, 'Sien départ vouloir lendemain rester', 'Philippine Lemoine', '2024-02-07', 'Refusée', 18, 33),
(52, 'Ouvrir drôle l\'une clef madame', 'Valentine Pelletier', '2024-11-17', 'En attente', 0, 10),
(53, 'Naître enfoncer repousser', 'Sébastien Bègue', '2024-03-14', 'En attente', 44, 70),
(54, 'Empêcher me nerveux', 'Michelle Pichon', '2023-12-18', 'Acceptée', 136, 35),
(55, 'Protéger terme', 'Paul-William Legendre', '2024-01-08', 'Acceptée', 0, 64),
(56, 'Crise reprendre certes apparaître', 'Céline Girard', '2024-02-23', 'En attente', 168, 37),
(57, 'Soirée froid calme mesure', 'Thomas Leleu', '2024-09-22', 'En attente', 0, 66),
(58, 'Inconnu vous', 'Arthur Marty', '2024-02-21', 'Acceptée', 85, 83),
(59, 'Plein recueillir conseil', 'Luc Bernard-Leblanc', '2023-12-04', 'Acceptée', 53, 57),
(60, 'Froid tranquille l\'un épais', 'Éléonore Prévost de la Joly', '2024-09-28', 'En attente', 0, 76),
(61, 'Yeux quitter rocher mesure', 'Laurent-Grégoire Lesage', '2023-12-20', 'Refusée', 174, 98),
(62, 'Un tourner soldat', 'Aurore Leleu', '2024-07-21', 'En attente', 21, 100),
(63, 'Égal tel déchirer', 'Henri Dumont', '2024-05-06', 'Refusée', 95, 65),
(64, 'Qualité billet fruit', 'Olivie Charrier Le Guillaume', '2024-09-24', 'En attente', 0, 15),
(65, 'Tout il exiger', 'Henri Techer Le Texier', '2024-05-30', 'Acceptée', 24, 56),
(66, 'Pouvoir un', 'Raymond Lenoir', '2024-10-30', 'Refusée', 0, 26),
(67, 'Grâce extraordinaire doigt', 'Marcel Moreno', '2024-05-26', 'Refusée', 0, 84),
(68, 'Coup dos agent présent', 'Marine Regnier', '2024-07-30', 'Acceptée', 67, 15),
(69, 'Coup dos agent présent', 'Marine Regnier', '2024-04-28', 'Acceptée', 67, 21),
(70, 'Preuve visible oh', 'Guy Leclerc-Petit', '2024-05-29', 'Refusée', 0, 4),
(71, 'Membre passé on chef', 'Olivie Joseph', '2024-11-18', 'Acceptée', 4, 94),
(72, 'Autorité réunir ouvert certes', 'François Bonneau', '2024-03-13', 'Refusée', 184, 26),
(73, 'Pourtant acte', 'Michelle Lefèvre', '2024-11-15', 'En attente', 0, 1),
(74, 'Ajouter ciel etc achever', 'Robert-Yves Maillard', '2023-12-11', 'En attente', 145, 8),
(75, 'Détruire en pas cause anglais', 'Aimé Marchand', '2024-07-27', 'En attente', 0, 5),
(76, 'Assister fin public époque', 'Renée Martins', '2024-10-10', 'Acceptée', 56, 4),
(77, 'Prévoir renverser discours', 'Josette du Couturier', '2023-12-11', 'Acceptée', 0, 5),
(78, 'Point rang beau devant', 'Roger Pereira', '2024-09-13', 'Acceptée', 0, 55),
(79, 'Réponse vouloir médecin principe lisser', 'Alexandre Mathieu de Dumas', '2024-11-27', 'Refusée', 0, 68),
(80, 'Franchir avis hiver envoyer entretenir', 'Jeannine Texier', '2024-08-20', 'En attente', 81, 86),
(81, 'Eau marquer', 'Audrey-Adélaïde Denis', '2024-06-18', 'Acceptée', 0, 94),
(82, 'Intérieur autant', 'Noël Le Morel', '2024-09-02', 'Refusée', 177, 16),
(83, 'Auprès entourer', 'David Cohen', '2024-06-08', 'Acceptée', 0, 40),
(84, 'Marier naturellement étroit toile silence', 'Inès Maurice', '2024-06-14', 'Acceptée', 0, 88),
(85, 'Discuter hasard faute colère', 'Julie Poirier', '2024-10-14', 'Refusée', 0, 62),
(86, 'Lui nourrir idée essayer', 'Xavier-Paul Aubert', '2024-02-06', 'Acceptée', 0, 68),
(87, 'Contenir compagnie franc', 'André Alexandre', '2024-07-11', 'Refusée', 0, 24),
(88, 'Hors chant apparence ah vague', 'Daniel Camus-Besson', '2024-11-06', 'Refusée', 0, 30),
(89, 'Surprendre noir sourd pointe tour', 'Camille Le Roux-Lagarde', '2023-12-02', 'En attente', 0, 70),
(90, 'Et poser égal', 'Alexandria Caron', '2024-07-17', 'Refusée', 0, 1),
(91, 'Troisième tombe dix', 'Bernard Robin-Gauthier', '2023-12-31', 'En attente', 63, 99),
(92, 'Pitié attaquer place', 'Alfred Bouvet-Laurent', '2024-07-10', 'Refusée', 16, 76),
(93, 'Rêver mois reprendre', 'Corinne Le Gall', '2024-08-01', 'Refusée', 59, 85),
(94, 'Hésiter aventure agent supérieur', 'Jeanne Laurent', '2024-03-26', 'Refusée', 46, 1),
(95, 'Passage haut hésiter cesser que', 'Aurore Guilbert', '2024-07-10', 'Acceptée', 116, 16),
(96, 'Coup dos agent présent', 'Marine Regnier', '2024-08-02', 'Refusée', 67, 78),
(97, 'Trembler arrière animer tu', 'Camille Pichon', '2024-03-27', 'En attente', 36, 51),
(98, 'Impossible serrer', 'Emmanuel Carre', '2024-10-16', 'Refusée', 0, 81),
(99, 'Couche ensuite hier', 'Alix Michaud Le Joubert', '2024-08-07', 'En attente', 0, 19),
(100, 'Montagne condition journée bois', 'Maurice de la Delattre', '2024-09-21', 'En attente', 0, 85),
(101, 'Marier cinq frère amener', 'Sophie Boulanger', '2024-02-06', 'Acceptée', 0, 64),
(102, 'Endormir reste premier', 'Laetitia Turpin', '2024-11-11', 'Refusée', 0, 9),
(103, 'Décrire par', 'François-Alphonse Brunet', '2023-12-25', 'Acceptée', 129, 7),
(104, 'Minute faute commencer demeurer ci', 'Astrid Martel', '2024-07-31', 'Acceptée', 75, 32),
(105, 'Parole attaquer respirer manier', 'Joseph Maurice', '2024-04-25', 'Acceptée', 0, 11),
(106, 'Fou guère amener bas', 'Valérie Morin', '2024-04-15', 'Acceptée', 0, 59),
(107, 'Claire poser', 'Laure du Marin', '2024-06-14', 'Acceptée', 90, 72),
(108, 'Cou aucun ensemble semaine', 'Alexandre Rodrigues', '2024-09-17', 'En attente', 107, 25),
(109, 'Voiture argent avant mettre', 'Marc Lefèvre de Labbé', '2023-11-29', 'En attente', 143, 83),
(110, 'Chef pour entendre intérieur', 'Corinne Leconte', '2023-12-22', 'En attente', 99, 2),
(111, 'Magnifique larme homme', 'Denise Chrétien', '2024-10-29', 'Acceptée', 0, 3),
(112, 'Image mener chaleur', 'Jules Gomes', '2024-01-09', 'Acceptée', 120, 3),
(113, 'Sec chaise homme sur visite', 'Juliette-Marthe Bigot', '2024-10-16', 'Acceptée', 186, 89),
(114, 'Raconter éloigner vague', 'Luc-Timothée Duval', '2024-11-06', 'Acceptée', 137, 66),
(115, 'Ce où parti', 'Pierre Jacques Le Hubert', '2023-12-24', 'En attente', 0, 16),
(116, 'Rencontre faveur sur immense fumée', 'Jacques Leconte', '2024-03-01', 'En attente', 26, 79),
(117, 'Calme permettre flamme', 'Catherine du Briand', '2024-07-02', 'Refusée', 171, 8),
(118, 'Trou blanc poète prix', 'Mathilde Regnier', '2024-09-20', 'Acceptée', 134, 43),
(119, 'Mot marché escalier force', 'Guillaume Lemonnier', '2023-12-03', 'En attente', 114, 34),
(120, 'Ce dangereux', 'Denise Antoine', '2024-09-17', 'Acceptée', 32, 95),
(121, 'Déjà près traîner fer aile', 'Odette Bonnin', '2024-02-25', 'Acceptée', 38, 34),
(122, 'Être vraiment âge paysage', 'Andrée-Bernadette Delaunay', '2024-09-21', 'Acceptée', 161, 79),
(123, 'Envelopper instinct côte', 'Roger Legrand-Guillaume', '2024-02-15', 'Refusée', 0, 93),
(124, 'Entrer paix', 'Antoinette Descamps-Marin', '2024-04-15', 'Acceptée', 73, 50),
(125, 'Préférer prouver phrase accord sérieux', 'Manon Chauveau', '2024-10-18', 'En attente', 0, 83),
(126, 'Mener village', 'Adrien de la Valentin', '2024-03-27', 'Acceptée', 0, 83),
(127, 'Défendre frapper clair', 'Émile Guilbert', '2024-06-24', 'En attente', 68, 11),
(128, 'Discours humain devoir réel soi', 'Jacques Sanchez', '2024-09-11', 'En attente', 112, 99),
(129, 'Nombreux contre renoncer unique', 'Christelle Normand-Bruneau', '2024-04-28', 'En attente', 0, 1),
(130, 'Presser ouvrir tout', 'Odette Rolland', '2024-11-13', 'En attente', 106, 76),
(131, 'Déclarer révolution volonté', 'Marthe Martinez', '2024-11-04', 'Acceptée', 72, 69),
(132, 'Intelligence arbre', 'Laurent Rivière', '2024-06-17', 'En attente', 0, 75),
(133, 'Répéter rouge', 'Caroline Courtois', '2024-11-09', 'En attente', 0, 72),
(134, 'Visible goût officier bas figure', 'Julien Lambert', '2024-01-10', 'En attente', 86, 87),
(135, 'Toucher comment mesure', 'Anouk Le Brunel', '2023-12-13', 'Refusée', 0, 51),
(136, 'Pain gens autrement sept permettre', 'René Vincent de Huet', '2024-07-29', 'Refusée', 0, 38),
(137, 'Ajouter ciel etc achever', 'Robert-Yves Maillard', '2024-02-07', 'Acceptée', 145, 13),
(138, 'Pierre violence mille cher', 'Victor Laroche du Gimenez', '2024-08-28', 'Refusée', 0, 61),
(139, 'Paysage rose', 'Paul Alexandre', '2024-01-26', 'Acceptée', 0, 8),
(140, 'Etc doute nerveux sueur tendre', 'Cécile Chauveau', '2024-03-04', 'Refusée', 19, 16),
(141, 'Jambe vaste tomber', 'Marcelle-Denise De Oliveira', '2024-03-21', 'Acceptée', 15, 98),
(142, 'Vérité bataille position dur', 'Danielle Marchand', '2024-06-04', 'En attente', 138, 37),
(143, 'Entrer soi arrière prier', 'Gilbert Paul', '2024-01-18', 'En attente', 0, 54),
(144, 'Douceur maintenir volonté ciel discussion', 'Manon Laine de Colin', '2024-02-19', 'Refusée', 0, 11),
(145, 'Suite sonner', 'Michel Benard', '2024-03-06', 'En attente', 159, 18),
(146, 'Rouge pointe chaud rejeter parent', 'Camille Pichon Le Daniel', '2024-10-24', 'Acceptée', 0, 3),
(147, 'Article ensuite jeune difficile', 'Robert Rossi', '2024-02-08', 'En attente', 0, 47),
(148, 'Lors cela delà', 'Nathalie Valentin', '2024-10-23', 'Acceptée', 89, 55),
(149, 'Aujourd\'Hui taille souffrance charger', 'Isabelle Le Maurice', '2024-10-27', 'Refusée', 52, 87),
(150, 'Attacher mon tenter classe', 'Camille Lelièvre', '2024-05-29', 'En attente', 0, 14),
(151, 'Dernier mort colline', 'Guy-Emmanuel Blondel', '2024-09-08', 'Acceptée', 0, 63),
(152, 'Gauche cheval', 'Jeanne Guyon', '2024-04-23', 'En attente', 43, 21),
(153, 'Mari vouloir toit posséder', 'Amélie Roussel', '2024-03-14', 'En attente', 0, 34),
(154, 'Camarade attention presque', 'Michel Allard de Merle', '2024-03-12', 'Acceptée', 169, 69),
(155, 'Mode jambe promener', 'Paulette Petit', '2024-06-23', 'Acceptée', 199, 53),
(156, 'Fait service bras chaîne', 'Gérard Dupré', '2024-09-17', 'En attente', 0, 19),
(157, 'Vivant planche folie hôtel', 'Pénélope Evrard de la Ferreira', '2024-02-04', 'En attente', 0, 87),
(158, 'De léger étoile', 'Françoise Didier', '2024-07-03', 'Refusée', 0, 9),
(159, 'Embrasser troubler deviner visage', 'Tristan du Toussaint', '2024-04-27', 'Refusée', 165, 33),
(160, 'Monde froid promener remplacer', 'Gabriel-Jean Garnier', '2023-12-05', 'Acceptée', 0, 79),
(161, 'Brûler haïr', 'Jacques Munoz', '2024-03-28', 'Refusée', 166, 26),
(162, 'Docteur français votre', 'Élise Léger', '2023-12-20', 'Refusée', 0, 66),
(163, 'Surveiller militaire d\'abord peine musique', 'Céline-Susanne Grégoire', '2024-01-10', 'Refusée', 148, 42),
(164, 'Faire sauter', 'Laurence de Michel', '2024-03-03', 'Refusée', 0, 47),
(165, 'Entretenir flot', 'Christine de la Lebrun', '2024-10-31', 'Acceptée', 0, 44),
(166, 'Ancien obéir grand déclarer suffire', 'Victoire Boyer', '2024-10-12', 'Acceptée', 0, 14),
(167, 'Lien croiser précipiter te exister', 'Honoré Colin', '2024-04-20', 'En attente', 12, 8),
(168, 'Poursuivre éprouver', 'Cécile Gosselin', '2024-06-29', 'Refusée', 8, 66),
(169, 'Adresser ramasser hors', 'Guillaume Mary', '2024-11-25', 'Refusée', 100, 2),
(170, 'Froid battre songer grand', 'Christelle Valette', '2024-02-20', 'Refusée', 0, 80),
(171, 'Souvenir fonder claire puissant', 'Auguste de la Robin', '2024-07-14', 'Acceptée', 0, 27),
(172, 'Poursuivre éprouver', 'Cécile Gosselin', '2024-01-02', 'En attente', 8, 37),
(173, 'Caractère meilleur parmi', 'Lucie Monnier', '2024-06-20', 'En attente', 0, 64),
(174, 'Jambe vaste tomber', 'Marcelle-Denise De Oliveira', '2023-12-20', 'Acceptée', 15, 11),
(175, 'Point année etc accepter', 'Audrey Delahaye', '2024-10-17', 'En attente', 0, 9),
(176, 'Ton veille', 'Astrid Roche', '2024-02-07', 'Refusée', 155, 82),
(177, 'Apercevoir prévenir', 'Adélaïde Marie', '2024-08-11', 'En attente', 37, 59),
(178, 'Loin désirer pont', 'Charlotte Louis', '2024-07-09', 'Refusée', 0, 75),
(179, 'Entrer abri mon penser principe', 'Étienne Rodrigues Le Hubert', '2023-12-06', 'Refusée', 147, 71),
(180, 'Entendre étroit boire', 'Bernadette Prévost-Becker', '2024-07-23', 'En attente', 49, 11),
(181, 'Quand attacher main', 'Bernard Huet', '2024-06-26', 'Refusée', 0, 98),
(182, 'Taire bas découvrir bas', 'Nicole Gillet', '2024-01-04', 'Acceptée', 69, 49),
(183, 'Tromper prière lendemain entier', 'Anastasie Richard', '2024-04-30', 'En attente', 0, 85),
(184, 'Fatigue enfermer doigt', 'Marie Samson-Leconte', '2024-01-20', 'Refusée', 0, 69),
(185, 'Membre passé on chef', 'Olivie Joseph', '2024-04-22', 'Acceptée', 4, 34),
(186, 'Soleil triste', 'Roger Becker', '2024-04-22', 'En attente', 0, 71),
(187, 'Retour réunir regretter enfance', 'Nath Raymond Le Leduc', '2023-12-08', 'Acceptée', 31, 97),
(188, 'Ciel source', 'Suzanne Dubois', '2024-02-14', 'Refusée', 5, 67),
(189, 'Pas falloir on fumer', 'Camille Gonzalez de la Martinez', '2024-02-10', 'Acceptée', 39, 23),
(190, 'Semblable voiture en', 'Émilie Boyer', '2024-11-19', 'Acceptée', 170, 1),
(191, 'Côte allumer', 'Louise Maillet', '2024-05-25', 'Acceptée', 57, 15),
(192, 'Trésor lentement beauté', 'Maggie Blot', '2024-06-25', 'En attente', 0, 45),
(193, 'Visage travailler passé', 'Thibaut-Timothée Maillard', '2024-04-13', 'En attente', 0, 33),
(194, 'Mot marché escalier force', 'Guillaume Lemonnier', '2024-05-28', 'Refusée', 114, 66),
(195, 'Exécuter pauvre semaine affaire', 'Tristan-Éric Lacombe', '2024-05-09', 'En attente', 0, 72),
(196, 'Saint demander jaune', 'Timothée de la Georges', '2024-08-27', 'Acceptée', 0, 42),
(197, 'Porte ciel curieux', 'Michelle Faivre', '2024-04-24', 'Acceptée', 1, 6),
(198, 'Passion fleur résister', 'Denis Moreno-Traore', '2024-05-07', 'Acceptée', 0, 99),
(199, 'Préparer quinze', 'Noël Vallet', '2023-12-25', 'Acceptée', 200, 62),
(200, 'Arracher remettre il homme', 'Marc Texier', '2024-04-09', 'En attente', 0, 27),
(201, 'Libre arbre rouler', 'Yves Bonneau', '2024-03-29', 'En attente', 153, 17),
(202, 'Instinct avant silence titre intérieur', 'William Bourdon', '2023-12-21', 'Acceptée', 0, 93),
(203, 'Trace paupière joie gens', 'Maryse Louis-Jacques', '2024-03-30', 'Acceptée', 131, 47),
(204, 'Trace paupière joie gens', 'Maryse Louis-Jacques', '2024-11-11', 'Refusée', 131, 35),
(205, 'Retour planche professeur', 'Laetitia Charpentier', '2024-04-01', 'Refusée', 0, 78),
(206, 'Camarade effet', 'Roland Dupré', '2024-06-04', 'Refusée', 50, 15),
(207, 'Détail page', 'Nicole Jacquot du Pons', '2023-12-17', 'Refusée', 0, 74),
(208, 'Recommencer servir trace', 'Madeleine Noël', '2024-04-03', 'Refusée', 0, 4),
(209, 'Montagne vous douze construire', 'Colette Carlier-Coste', '2023-12-27', 'Refusée', 10, 52),
(210, 'Rester faire impossible jeune', 'Capucine Lefort', '2024-04-12', 'En attente', 79, 37),
(211, 'Centre proposer embrasser', 'Alphonse Verdier', '2024-02-16', 'Refusée', 0, 32),
(212, 'Folie écarter', 'Luc Gérard', '2024-10-06', 'Acceptée', 0, 64),
(213, 'Souffrir départ venir exécuter confiance', 'Arthur-Richard Schmitt', '2024-08-07', 'Refusée', 0, 28),
(214, 'Nommer auteur faim pauvre', 'Marcelle Cohen', '2024-09-17', 'Acceptée', 0, 96),
(215, 'Barbe supérieur', 'Thomas Joly', '2024-08-11', 'Refusée', 0, 83),
(216, 'Rêver mois reprendre', 'Corinne Le Gall', '2024-07-21', 'En attente', 59, 45),
(217, 'Objet sien regretter son', 'Juliette Letellier', '2024-01-19', 'Refusée', 0, 49),
(218, 'Sien départ vouloir lendemain rester', 'Philippine Lemoine', '2024-05-09', 'Acceptée', 18, 76),
(219, 'Nord réunir arrivée de', 'Hélène Vidal', '2024-05-05', 'Acceptée', 0, 98),
(220, 'Élément travailler préparer que recevoir', 'Valérie Noël de Deschamps', '2023-12-21', 'En attente', 35, 57),
(221, 'Clef absence volonté certain', 'Émilie Regnier', '2024-11-09', 'Refusée', 0, 86),
(222, 'Paquet grain peau répandre servir', 'Jacques-Michel Verdier', '2024-02-13', 'Refusée', 0, 86),
(223, 'Aile lourd succès', 'Antoine-Franck Guichard', '2024-10-18', 'Acceptée', 0, 43),
(224, 'Taire bas découvrir bas', 'Nicole Gillet', '2024-11-01', 'En attente', 69, 56),
(225, 'Tout il exiger', 'Henri Techer Le Texier', '2024-01-27', 'En attente', 24, 92),
(226, 'Impossible général sentier', 'Marianne-Olivie Ledoux', '2024-11-04', 'Refusée', 0, 28),
(227, 'Poursuivre éprouver', 'Cécile Gosselin', '2023-12-26', 'Acceptée', 8, 58),
(228, 'User réussir bonheur affaire désespoir', 'Thibault Da Costa', '2024-03-12', 'Refusée', 91, 39),
(229, 'Nombreux semaine cause', 'René Hebert du Lefebvre', '2023-12-14', 'En attente', 0, 92),
(230, 'Saint fier', 'Aimée Le Gall', '2024-08-27', 'Acceptée', 51, 96),
(231, 'Contenir rapport', 'Augustin Ruiz', '2024-10-01', 'En attente', 0, 89),
(232, 'Défendre frapper clair', 'Émile Guilbert', '2024-11-05', 'En attente', 68, 74),
(233, 'Écraser premier', 'Émile Baron', '2024-01-09', 'Acceptée', 164, 50),
(234, 'Peu haut davantage', 'Suzanne Marie de la Jacob', '2024-04-15', 'Acceptée', 0, 16),
(235, 'Oreille riche difficile', 'Margaud Imbert', '2024-10-11', 'Refusée', 0, 8),
(236, 'Autorité réunir ouvert certes', 'François Bonneau', '2024-08-02', 'En attente', 184, 2),
(237, 'Appel contre madame clair', 'Augustin Valentin', '2023-12-29', 'Refusée', 0, 13),
(238, 'Taire bas découvrir bas', 'Nicole Gillet', '2024-09-07', 'Refusée', 69, 66),
(239, 'Quelqu\'Un science poche tout elle', 'Denis Joly', '2024-09-04', 'En attente', 0, 68),
(240, 'Par somme exiger', 'Julien Roche de la Bouvier', '2024-02-05', 'Refusée', 152, 49),
(241, 'Défaut banc grand droite', 'Rémy Lefebvre', '2024-02-06', 'En attente', 140, 47),
(242, 'Endormir bon', 'Gabrielle Barthelemy', '2024-08-16', 'Refusée', 132, 76),
(243, 'Terminer plusieurs lisser', 'Luc du Boucher', '2023-11-28', 'En attente', 71, 40),
(244, 'Presser ouvrir tout', 'Odette Rolland', '2024-06-08', 'Refusée', 106, 63),
(245, 'Chanter quelque traîner un lien', 'Vincent de la Ferreira', '2023-12-07', 'En attente', 0, 74),
(246, 'Ton grain joue art', 'Patrick Barthelemy du Raymond', '2024-01-22', 'Refusée', 0, 59),
(247, 'Mien celui', 'Louise Lemaire', '2024-05-30', 'En attente', 163, 25),
(248, 'Apercevoir prévenir', 'Adélaïde Marie', '2024-01-03', 'Refusée', 37, 10),
(249, 'Ne interrompre parti aide', 'Christophe De Sousa Le Humbert', '2024-11-22', 'Acceptée', 0, 17),
(250, 'Profiter vide auprès là', 'Alain Delannoy', '2024-01-16', 'Refusée', 0, 98),
(251, 'Important l\'une réveiller', 'Lucy Costa', '2024-10-21', 'En attente', 0, 66),
(252, 'Discours humain devoir réel soi', 'Jacques Sanchez', '2024-02-07', 'En attente', 112, 58),
(253, 'Facile crier rideau de savoir', 'Hugues-Gilbert Royer', '2024-05-29', 'Refusée', 0, 21),
(254, 'Décrire par', 'François-Alphonse Brunet', '2024-01-24', 'Acceptée', 129, 59),
(255, 'Larme long coûter', 'Émile Dufour', '2023-12-07', 'En attente', 0, 93),
(256, 'Camarade attention presque', 'Michel Allard de Merle', '2024-03-31', 'Refusée', 169, 32),
(257, 'Saison brûler siège égal signer', 'Nathalie du Vaillant', '2023-12-30', 'Acceptée', 0, 26),
(258, 'Anglais tendre livre empire expliquer', 'Susanne Hardy', '2024-05-23', 'Acceptée', 0, 86),
(259, 'Amour engager oiseau', 'Martin Weber', '2024-01-27', 'Acceptée', 113, 67),
(260, 'Précieux reconnaître habiter', 'Raymond Julien', '2024-04-03', 'En attente', 0, 78),
(261, 'Souffrir jeter existence alors', 'Maurice Lenoir', '2024-08-27', 'Acceptée', 0, 100),
(262, 'Moins instant accompagner demi terrible', 'Édith Voisin', '2024-05-29', 'En attente', 0, 95),
(263, 'Amour engager oiseau', 'Martin Weber', '2024-01-07', 'En attente', 113, 22),
(264, 'Soudain espèce', 'Philippine Pascal', '2024-01-15', 'En attente', 0, 24),
(265, 'Autrefois parfaitement désirer gauche', 'Caroline Chrétien', '2024-02-01', 'En attente', 111, 57),
(266, 'Beau saint', 'Christine Potier', '2024-01-10', 'En attente', 55, 62),
(267, 'Toit accomplir troisième subir', 'Inès-Audrey Dumas', '2024-07-29', 'Acceptée', 25, 14),
(268, 'Empêcher me nerveux', 'Michelle Pichon', '2023-12-08', 'Refusée', 136, 90),
(269, 'Discussion pauvre sept', 'Léon Bonnin-Marques', '2024-11-19', 'En attente', 28, 43),
(270, 'Battre dormir fin', 'Olivier Sanchez', '2024-11-14', 'Acceptée', 0, 10),
(271, 'Rendre remercier d\'abord', 'Emmanuel-Marcel Maurice', '2024-01-29', 'Refusée', 0, 30),
(272, 'Montrer passion leur essuyer souvent', 'Arthur de la Fernandes', '2024-07-16', 'Refusée', 40, 12),
(273, 'Élément travailler préparer que recevoir', 'Valérie Noël de Deschamps', '2024-04-20', 'Refusée', 35, 24),
(274, 'Succès rouler', 'Suzanne Vallée', '2023-12-19', 'Acceptée', 0, 61),
(275, 'Enfance affirmer flot digne brusquement', 'Vincent-Thibault Wagner', '2024-04-03', 'Refusée', 0, 34),
(276, 'Social corps peur autorité', 'Véronique Simon-David', '2024-05-06', 'Acceptée', 34, 34),
(277, 'Dieu autrefois révéler', 'Maurice Tanguy', '2024-10-30', 'Refusée', 0, 11),
(278, 'Gris classe je haine', 'Isaac-Henri Lesage', '2024-01-04', 'En attente', 0, 40),
(279, 'Claire poser', 'Laure du Marin', '2024-07-08', 'Acceptée', 90, 58),
(280, 'Lien croiser précipiter te exister', 'Honoré Colin', '2024-01-28', 'Refusée', 12, 26),
(281, 'Vif haïr', 'Gabriel Monnier', '2024-05-24', 'En attente', 0, 25),
(282, 'Semblable voiture en', 'Émilie Boyer', '2024-03-18', 'En attente', 170, 35),
(283, 'Ensuite retourner chaud', 'Caroline Andre', '2023-12-12', 'Refusée', 0, 81),
(284, 'Beau saint', 'Christine Potier', '2024-05-25', 'En attente', 55, 49),
(285, 'Éloigner permettre toit', 'Noël Renault', '2024-10-14', 'En attente', 0, 68),
(286, 'Claire poser', 'Laure du Marin', '2024-03-04', 'En attente', 90, 76),
(287, 'Rôle juger moi', 'Édith-Simone Hoarau', '2024-02-22', 'En attente', 0, 9),
(288, 'Mot marché escalier force', 'Guillaume Lemonnier', '2024-02-16', 'En attente', 114, 77),
(289, 'Oh bonheur', 'Sabine Lamy-Le Goff', '2024-05-27', 'Refusée', 0, 28),
(290, 'Personne chose relever', 'Thérèse du Torres', '2024-04-18', 'En attente', 0, 90),
(291, 'User réussir bonheur affaire désespoir', 'Thibault Da Costa', '2024-09-06', 'Acceptée', 91, 9),
(292, 'Feuille derrière saint établir', 'Marianne Delmas', '2024-02-01', 'Acceptée', 0, 1),
(293, 'Souhaiter céder savoir visage', 'Mathilde Bourgeois', '2024-07-25', 'Refusée', 122, 70),
(294, 'Un larme aide', 'Eugène Parent', '2024-03-17', 'Acceptée', 0, 40),
(295, 'Inconnu vous', 'Arthur Marty', '2024-10-28', 'Refusée', 85, 80),
(296, 'Reconnaître animal ah haut', 'Adélaïde Guillot', '2024-09-07', 'Acceptée', 191, 25),
(297, 'Chemise beau instant goût', 'Pierre Maurice de la Maury', '2024-04-09', 'En attente', 33, 27),
(298, 'Même toi bouche pièce rapidement', 'Marc Guillaume', '2024-10-25', 'En attente', 0, 3),
(299, 'Croix fonder noire pourquoi', 'Denise Bourdon', '2024-05-01', 'Acceptée', 74, 98),
(300, 'Taire bas découvrir bas', 'Nicole Gillet', '2023-12-27', 'Refusée', 69, 49);

-- --------------------------------------------------------

--
-- Table structure for table `utilisateur`
--

DROP TABLE IF EXISTS `utilisateur`;
CREATE TABLE IF NOT EXISTS `utilisateur` (
  `ID_Utilisateur` int NOT NULL,
  `Nom` varchar(50) NOT NULL,
  `Prenom` varchar(50) NOT NULL,
  `Categorie` varchar(20) NOT NULL,
  `Nb_livres_max` int NOT NULL,
  `Duree_max` int NOT NULL,
  PRIMARY KEY (`ID_Utilisateur`)
) ENGINE=InnoDB DEFAULT CHARSET=utf8mb4 COLLATE=utf8mb4_0900_ai_ci;

--
-- Dumping data for table `utilisateur`
--

INSERT INTO `utilisateur` (`ID_Utilisateur`, `Nom`, `Prenom`, `Categorie`, `Nb_livres_max`, `Duree_max`) VALUES
(1, 'Laporte', 'Margot', 'categorie1', 3, 10),
(2, 'Schmitt', 'Pierre', 'categorie1', 3, 10),
(3, 'Maurice', 'Madeleine', 'categorie3', 6, 20),
(4, 'Lopes', 'Chantal', 'categorie1', 3, 10),
(5, 'Lambert', 'Georges', 'categorie2', 5, 15),
(6, 'Laurent', 'Marcel', 'categorie2', 5, 15),
(7, 'Pasquier', 'Léon', 'categorie1', 3, 10),
(8, 'Bouchet', 'Michelle', 'categorie2', 5, 15),
(9, 'Turpin', 'Cécile', 'categorie1', 3, 10),
(10, 'Moulin', 'Adèle', 'categorie2', 5, 15),
(11, 'Mercier', 'Marcelle', 'categorie2', 5, 15),
(12, 'Faivre', 'Élisabeth', 'categorie2', 5, 15),
(13, 'Besson', 'François', 'categorie1', 3, 10),
(14, 'Turpin', 'Dorothée', 'categorie3', 6, 20),
(15, 'Clerc', 'Raymond', 'categorie1', 3, 10),
(16, 'Leroy', 'Victor', 'categorie2', 5, 15),
(17, 'Hamon', 'Théodore', 'categorie3', 6, 20),
(18, 'Lecoq', 'Caroline', 'categorie2', 5, 15),
(19, 'Godard', 'Michelle', 'categorie2', 5, 15),
(20, 'Renard', 'David', 'categorie3', 6, 20),
(21, 'Barthelemy', 'Caroline', 'categorie2', 5, 15),
(22, 'Raymond', 'Clémence', 'categorie3', 6, 20),
(23, 'Bonneau', 'Clémence', 'categorie1', 3, 10),
(24, 'Thomas', 'Bertrand', 'categorie2', 5, 15),
(25, 'Traore', 'Anouk', 'categorie1', 3, 10),
(26, 'Navarro', 'Camille', 'categorie2', 5, 15),
(27, 'Launay', 'Robert', 'categorie2', 5, 15),
(28, 'Mace', 'Honoré', 'categorie2', 5, 15),
(29, 'Roche', 'Antoinette', 'categorie1', 3, 10),
(30, 'Brun', 'Anouk', 'categorie2', 5, 15),
(31, 'Marion', 'Alexandre', 'categorie2', 5, 15),
(32, 'Guillet', 'Paulette', 'categorie2', 5, 15),
(33, 'Jourdan', 'Françoise', 'categorie3', 6, 20),
(34, 'Legros', 'Sébastien', 'categorie3', 6, 20),
(35, 'Valentin', 'Christiane', 'categorie2', 5, 15),
(36, 'Pires', 'Margaud', 'categorie2', 5, 15),
(37, 'Bourdon', 'Lucie', 'categorie1', 3, 10),
(38, 'Jourdan', 'Maurice', 'categorie3', 6, 20),
(39, 'Fleury', 'Nicole', 'categorie2', 5, 15),
(40, 'Perret', 'Zoé', 'categorie1', 3, 10),
(41, 'Mary', 'Laurence', 'categorie2', 5, 15),
(42, 'Boucher', 'Lucas', 'categorie3', 6, 20),
(43, 'Lesage', 'Luc', 'categorie1', 3, 10),
(44, 'Teixeira', 'Jules', 'categorie1', 3, 10),
(45, 'Vasseur', 'Aurore', 'categorie2', 5, 15),
(46, 'Goncalves', 'Pauline', 'categorie1', 3, 10),
(47, 'Lacroix', 'Grégoire', 'categorie1', 3, 10),
(48, 'Jourdan', 'Margot', 'categorie1', 3, 10),
(49, 'Guibert', 'Maryse', 'categorie3', 6, 20),
(50, 'Gilbert', 'Julien', 'categorie3', 6, 20),
(51, 'Lefebvre', 'Margaret', 'categorie3', 6, 20),
(52, 'Renault', 'Timothée', 'categorie3', 6, 20),
(53, 'Leclerc', 'Alex', 'categorie2', 5, 15),
(54, 'Morvan', 'Éléonore', 'categorie1', 3, 10),
(55, 'Lopes', 'Alexandre', 'categorie2', 5, 15),
(56, 'Humbert', 'Michel', 'categorie3', 6, 20),
(57, 'Lecoq', 'Marie', 'categorie3', 6, 20),
(58, 'Hamel', 'Matthieu', 'categorie1', 3, 10),
(59, 'Faure', 'Maggie', 'categorie1', 3, 10),
(60, 'Labbé', 'Franck', 'categorie3', 6, 20),
(61, 'Fleury', 'Benoît', 'categorie2', 5, 15),
(62, 'Allain', 'Virginie', 'categorie3', 6, 20),
(63, 'Delattre', 'Capucine', 'categorie3', 6, 20),
(64, 'Delahaye', 'Nicole', 'categorie1', 3, 10),
(65, 'Richard', 'Anaïs', 'categorie2', 5, 15),
(66, 'Lecoq', 'Zoé', 'categorie2', 5, 15),
(67, 'Lefèvre', 'Marc', 'categorie1', 3, 10),
(68, 'Germain', 'Arthur', 'categorie2', 5, 15),
(69, 'Poirier', 'Étienne', 'categorie2', 5, 15),
(70, 'Didier', 'Bertrand', 'categorie1', 3, 10),
(71, 'Martin', 'Pénélope', 'categorie3', 6, 20),
(72, 'Huet', 'Margaux', 'categorie2', 5, 15),
(73, 'Schneider', 'Valérie', 'categorie1', 3, 10),
(74, 'Paul', 'Nathalie', 'categorie1', 3, 10),
(75, 'Allain', 'Michèle', 'categorie3', 6, 20),
(76, 'Charpentier', 'Catherine', 'categorie3', 6, 20),
(77, 'Poulain', 'Daniel', 'categorie2', 5, 15),
(78, 'Alves', 'Nicolas', 'categorie3', 6, 20),
(79, 'Gillet', 'Margot', 'categorie3', 6, 20),
(80, 'Gautier', 'Émile', 'categorie3', 6, 20),
(81, 'Ruiz', 'Andrée', 'categorie1', 3, 10),
(82, 'Rémy', 'Julie', 'categorie1', 3, 10),
(83, 'Renard', 'Océane', 'categorie3', 6, 20),
(84, 'Jean', 'Guillaume', 'categorie2', 5, 15),
(85, 'Roux', 'Léon', 'categorie3', 6, 20),
(86, 'Grondin', 'Luc', 'categorie3', 6, 20),
(87, 'Legrand', 'Margot', 'categorie2', 5, 15),
(88, 'Humbert', 'Édith', 'categorie2', 5, 15),
(89, 'Grenier', 'Gilles', 'categorie2', 5, 15),
(90, 'Barbier', 'Auguste', 'categorie1', 3, 10),
(91, 'Dubois', 'Augustin', 'categorie2', 5, 15),
(92, 'Lelièvre', 'Jérôme', 'categorie3', 6, 20),
(93, 'Fabre', 'Michelle', 'categorie2', 5, 15),
(94, 'Gilbert', 'Sébastien', 'categorie1', 3, 10),
(95, 'Blanc', 'Josette', 'categorie3', 6, 20),
(96, 'Guichard', 'Victor', 'categorie2', 5, 15),
(97, 'Benard', 'Dorothée', 'categorie1', 3, 10),
(98, 'Hubert', 'Margaux', 'categorie1', 3, 10),
(99, 'Andre', 'Édith', 'categorie1', 3, 10),
(100, 'Cohen', 'Henriette', 'categorie3', 6, 20);
COMMIT;

/*!40101 SET CHARACTER_SET_CLIENT=@OLD_CHARACTER_SET_CLIENT */;
/*!40101 SET CHARACTER_SET_RESULTS=@OLD_CHARACTER_SET_RESULTS */;
/*!40101 SET COLLATION_CONNECTION=@OLD_COLLATION_CONNECTION */;
